artist,hrsplayed,ranking,
JPEGMAFIA,68.52687028,10,
Death Grips,39.39637028,10,
Radiohead,38.31904778,10,
James Blake,27.19935306,10,
HEALTH,24.4507075,9,
Sufjan Stevens,21.60278806,8,
Have A Nice Life,17.03451667,7,
Kitty,16.92191528,8,
Nine Inch Nails,16.33481306,9,
Jadu Heart,15.97944806,6,
Grimes,15.92357056,7,
Deerhoof,15.77137083,8,
Jadeci,15.58857861,6,
Tanukichan,15.09834056,8,
Thom Yorke,14.49786639,8,
The Microphones,14.27657806,8,
Modest Mouse,14.20918222,8,
AYA GLOOMY,13.77894417,6,
Joji,13.68749389,7,
Kero Kero Bonito,13.19731917,7,
Carly Rae Jepsen,13.01315167,7,
Broadcast,12.69157528,7,
Orville Peck,11.77761333,7,
Danny Brown,11.71647278,7,
BROCKHAMPTON,11.30185028,6,
Beach House,11.20368472,7,
Brave Little Abacus,11.05410889,7,
Clown Core,9.778447222,6,
A Sunny Day In Glasgow,9.652726944,7,
Land of Talk,9.502918333,8,
SebastiAn,9.441720833,6,
Charli XCX,9.3654675,6,
Melkbelly,9.014982222,8,
Slint,8.902161667,10,
Tennis,8.672603889,7,
Cocteau Twins,8.521594444,8,
Car Seat Headrest,8.424081111,7,
my bloody valentine,8.212618889,9,
Silver Mt. Zion,8.189839722,7,
Adeodat Warfield,7.532238889,6,
Injury Reserve,7.438365556,6,
yeule,7.276239167,5,
Haarper,7.137190556,6,
Interpol,7.069397222,6,
KFC Murder Chicks,6.873873333,7,
Nagisa Ni Te,6.755391667,6,
Pavement,6.633205,7,
The Cure,6.562265,8,
Guerilla Toss,6.369954722,7,
Kanye West,5.994083611,6,
Animal Collective,5.881568889,6,
Godspeed You! Black Emperor,5.820810278,8,
Xiu Xiu,5.783929722,6,
Jamie xx,5.760790833,5,
Goth Babe,5.744751389,6,
The Pom-Poms,5.734920833,6,
Lip Critic,5.430884722,5,
Pixies,5.279720278,10,
Queens of the Stone Age,5.272948611,7,
Tigers Jaw,5.271016667,7,
The Horrors,5.266364444,7,
The Strokes,5.205083056,6,
Grandaddy,5.169704167,7,
Freddie Dredd,5.119825278,5,
King Gizzard & The Lizard Wizard,5.012137222,6,
Protomartyr,4.919630833,7,
Lightning Bolt,4.882481667,7,
Corbin,4.86178,7,
Sweet Trip,4.814572778,6,
Cage The Elephant,4.784915556,7,
Trippie Redd,4.770671389,4,
Buttonhead,4.714471389,7,
Jelly Crystal,4.667871667,5,
Enon,4.635850833,7,
Computerwife,4.615345278,7,
NAH,4.611583056,7,
AFK,4.606603333,7,
Weatherday,4.571611667,6,
New Order,4.570583333,8,
Fontaines D.C.,4.538548611,6,
Bon Iver,4.506146111,6,
The Antlers,4.449997222,8,
Ski Mask The Slump God,4.447004444,8,
Crystal Castles,4.280241944,9,
Gorgeous Bully,4.195768611,5,
Nirvana,4.058705556,8,
"Tyler, The Creator",4.035800556,7,
Crumb,3.985107222,6,
Run The Jewels,3.9787875,7,
Denzel Curry,3.941123889,7,
Joy Division,3.897583056,8,
Gorillaz,3.880509444,7,
Ape Not Kill Ape,3.774611111,5,
King Krule,3.749980833,7,
Donny Murakami,3.710099444,6,
slowthai,3.692779722,5,
Soutaiseiriron,3.680263333,5,
Metronomy,3.671585278,6,
ZOMBIE-CHANG,3.655041389,6,
Slow Pulp,3.556933056,6,
Acapulco Lips,3.550479722,5,
David Bowie,3.475663889,8,
Boris,3.405290556,6,
Finn,3.371808333,5,
The Innocence Mission,3.369261667,5,
Melody's Echo Chamber,3.367349722,7,
Bugs and Rats,3.308909167,6,
Komeda,3.286357222,5,
Talking Heads,3.236925278,9,
Show Me the Body,3.221266111,6,
Cults,3.217706944,5,
Clams Casino,3.201413333,5,
Toro y Moi,3.186526111,7,
El Tigr3,3.174548333,4,
Siouxsie and the Banshees,3.150123333,8,
Caroline Polachek,3.115448333,6,
El Ten Eleven,3.0870425,6,
Aphex Twin,3.084137222,7,
Playboi Carti,3.060033333,6,
Yves Tumor,3.040609167,6,
Alex G,3.017989444,6,
Wolf Alice,2.997411667,7,
Gesaffelstein,2.981455278,5,
Ween,2.971649444,8,
Angel Olsen,2.958220833,6,
The Soft Moon,2.9568325,5,
Converge,2.951745278,8,
Wipers,2.924575278,8,
Nobatoby,2.9237,5,
The I.L.Y's,2.912562778,7,
Women,2.902276389,5,
Tom Vek,2.871115833,5,
of Montreal,2.858691944,5,
Sonic Youth,2.79943,8,
"Black Country, New Road",2.778988611,6,
Built To Spill,2.767663333,7,
Jean Dawson,2.757490556,5,
Dehd,2.752585556,6,
Fishmans,2.749213333,6,
IAMTHEKIDYOUKNOWWHATIMEAN,2.735603889,4,
IDLES,2.722024444,7,
Wasted Shirt,2.714289444,6,
City Morgue,2.674501389,5,
Kendrick Lamar,2.6547575,8,
Mario Judah,2.635827778,4,
Travis Scott,2.623154444,4,
Martin Dupont,2.619814722,2,
Orchid,2.596849167,8,
Weezer,2.582409167,7,
Swans,2.565398056,8,
Zack Fox,2.564387778,6,
Sidewalks and Skeletons,2.553471111,3,
Daughter,2.545038056,7,
DEVO,2.537886111,8,
Local Natives,2.533575556,4,
Let's Eat Grandma,2.517893056,4,
Dreamville,2.479611389,3,
Feces,2.475949444,6,
Mid-Air Thief,2.468045556,4,
Night Lovell,2.4649,6,
Phoebe Bridgers,2.461335556,7,
Mitski,2.458610278,7,
Los Retros,2.432698333,6,
clipping.,2.4295325,7,
Oeil,2.405973611,5,
John Maus,2.348424167,5,
Super Unison,2.344076667,5,
Knox Fortune,2.329563333,4,
Tkay Maidza,2.285608056,4,
Primus,2.273970833,7,
Shinjuku Mad,2.265599444,6,
LCD Soundsystem,2.255676389,7,
Giles Corey,2.252161111,6,
WILLOW,2.249982222,4,
Worn-Tin,2.233881667,4,
Tay-K,2.215808611,5,
Derek Pope,2.208514722,3,
Arms and Sleepers,2.198353056,2,
The Unrighteous Brothers,2.191149722,3,
Rich Brian,2.160355833,4,
Burial,2.159855833,7,
Big Black,2.159713333,7,
Frank Ocean,2.157474444,7,
Ringo Deathstarr,2.153386944,3,
Courtney Barnett,2.128915,3,
*shels,2.115529444,4,
Dayglow,2.114385278,4,
CCFX,2.103279722,3,
Ramirez,2.101376944,4,
Oneohtrix Point Never,2.094821944,2,
blink-182,2.0839025,6,
Liars,2.078752222,6,
Daughters,2.066241111,7,
Freddie Gibbs,2.060667222,7,
RNIE,2.060159722,4,
Lala Lala,2.057919167,4,
Japanese Breakfast,2.051322778,6,
The Voidz,2.048910556,6,
Alice Glass,2.044099722,6,
The Black Keys,2.028497778,6,
Model/Actriz,2.014884444,5,
Makeup And Vanity Set,2.003900278,2,
Antonio Williams,2.000368333,2,
Eleventh Dream Day,1.999576944,6,
Vince Staples,1.998684444,6,
Girl Band,1.990177222,4,
Mr.Kitty,1.988812778,3,
Flying Lotus,1.974478333,6,
Just Mustard,1.973539167,5,
RATKING,1.968637778,5,
Drew Scott,1.9556275,3,
Lealani,1.952252778,5,
M|O|O|N,1.946134167,5,
JOON,1.944929722,5,
Sematary,1.943173333,5,
Unknown Mortal Orchestra,1.926337222,6,
Provoker,1.9127175,6,
Autolux,1.908568056,6,
Orion,1.898122222,5,
Local H,1.888768333,6,
Deerhunter,1.8646075,6,
Sd Laika,1.862047778,7,
No Vacation,1.858208889,2,
Htiekal,1.851486667,5,
Yo La Tengo,1.8490775,6,
Bladee,1.841297778,5,
Altin Gün,1.831451944,3,
Think Tank,1.825737222,3,
Pale Saints,1.820292778,2,
Wand,1.818555833,3,
Sunbeam Sound Machine,1.800336389,2,
LSD and the Search for God,1.799752778,4,
Anika,1.792129444,6,
Brad Sucks,1.7888475,5,
Explosions In The Sky,1.788695833,5,
Childish Gambino,1.781840556,5,
Black Marble,1.7769975,5,
Modern Bison,1.773178889,4,
Paradis,1.763025833,3,
Elliott Smith,1.754976944,7,
Soulwax,1.754675,3,
tricot,1.743855556,5,
REI AMI,1.733208333,6,
Preoccupations,1.730802778,6,
Big Thief,1.728695,5,
The KVB,1.713436389,4,
Polvo,1.705968611,7,
Panchiko,1.701505278,6,
Iglooghost,1.697431111,4,
Molchat Doma,1.696453889,5,
IDK,1.686363611,5,
Horse Jumper of Love,1.678972222,4,
FRIGS,1.677827222,4,
Ex:Re,1.677733889,6,
Tropical Fuck Storm,1.675840833,6,
Black Sabbath,1.675190278,8,
Enjoy,1.672415,4,
George Clanton,1.667761111,7,
The Orwells,1.664483333,6,
Loverboyrando,1.647524444,3,
SASAMI,1.639493333,2,
Viagra Boys,1.637771944,6,
Kid Cudi,1.633746111,6,
Mannequin Pussy,1.632263611,5,
Niki Istrefi,1.627922222,2,
U.S. Girls,1.626824167,3,
Cap'n Jazz,1.615321944,6,
Shintaro Sakamoto,1.602664444,5,
Mareux,1.590525556,3,
Forth Wanderers,1.589271944,5,
Surf Curse,1.585255833,5,
A$AP Rocky,1.584099167,6,
Kali Uchis,1.583056111,6,
Candy Claws,1.576951667,7,
Kinokoteikoku,1.574957222,2,
GFOTY,1.574628611,4,
?????,1.561905278,2,
Life Without Buildings,1.543321667,2,
System Of A Down,1.533175833,7,
Jimmy Whoo,1.505504167,2,
Anderson .Paak,1.504461667,6,
Faye Webster,1.496341389,2,
Jazmin Bean,1.49412,2,
Sybyr,1.492239722,3,
ITSOKTOCRY,1.489692778,2,
Lim Kim,1.486339722,6,
Sunn 0))),1.483416111,2,
Them Airs,1.473600278,2,
The Velvet Underground,1.468788333,7,
Mi-gu,1.467880556,4,
Clarence James,1.465096389,3,
black midi,1.461335278,7,
LORD$OFDOGTOWN,1.458241667,3,
Boy Harsher,1.456573056,3,
Jai Paul,1.450316944,5,
The Virus and Antidote,1.444841944,2,
The Drums,1.44277,4,
The Garden,1.442129444,5,
Wire,1.434270556,7,
Wavves,1.433082222,6,
Julianna Barwick,1.433056944,5,
Spoon,1.432098056,6,
Thornato,1.430713889,2,
Peach Pit,1.4290425,3,
Color Blinded,1.426025833,4,
Swirlies,1.423486667,5,
Babes In Toyland ,1.418103056,6,
Future,1.415223333,4,
Lingua Ignota,1.414926944,6,
Boys Noize,1.412552222,5,
Allie X,1.412355833,3,
True Widow,1.408649722,6,
Lana Del Rey,1.405221667,6,
Netherlands,1.403027778,6,
Against All Logic,1.396541667,6,
STRFKR,1.3940775,4,
glass beach,1.380750556,4,
Night Tapes,1.373222222,4,
Low Roar,1.370993889,4,
????????,1.368428333,3,
Country Teasers,1.368060278,6,
NEU!,1.366928611,7,
SLIFT,1.363625556,5,
Chromatics,1.361520556,5,
Late Night Alumni,1.358015833,3,
Rites of Spring,1.351844167,2,
Grand Blanc,1.347764444,3,
Slowdive,1.336164444,5,
Weyes Blood,1.334909722,3,
Perfume Genius,1.327181389,3,
Rosemary Fairweather,1.325488333,2,
Joe Kaplow,1.325244444,5,
Earth,1.325162222,2,
Tula Vera,1.323223889,3,
FKA twigs,1.322555556,6,
Whitey,1.318538333,4,
Scallops Hotel,1.310883333,2,
Lil Boodang,1.307643056,3,
??? Park Hye Jin,1.305465278,5,
P.H.F.,1.303340278,5,
waveform*,1.30056,3,
Backxwash,1.298339167,2,
Yaeji,1.288648333,3,
Morning Teleportation,1.287923056,4,
Unwound,1.286874167,7,
Lykke Li,1.280629722,2,
Mochitsuki,1.279274722,2,
THE SCOTTS,1.275663611,6,
Pllush,1.2738875,3,
Chelsea Wolfe,1.272774444,6,
Jessica93,1.267964444,5,
Electric Wizard,1.267863333,5,
Lotic,1.264065,3,
Capacities,1.263681667,6,
SPIRIT OF THE BEEHIVE,1.261996389,4,
Momma,1.243801667,3,
Haruomi Hosono,1.239161944,2,
Grouper,1.230363056,3,
Ka,1.229459167,2,
Atlas Sound,1.227302222,2,
Sorry,1.224046944,2,
Gnod,1.216693056,2,
Flume,1.215166667,5,
Suburban Lawns,1.211049167,6,
Soundgarden,1.196440556,8,
Lungfish,1.195193889,6,
Parade Ground,1.189599722,2,
Björk,1.186635833,7,
Don Caballero,1.180614722,7,
$NOT,1.168604722,2,
M.I.A.,1.168401667,5,
BABYTEETH,1.165605556,4,
Shabazz Palaces,1.161821111,6,
Snail Mail,1.161459167,4,
Vundabar,1.160397778,3,
ssshhhiiittt!,1.154291667,2,
Cuco,1.14839,3,
Neon Indian,1.145098889,3,
MGMT,1.138711111,5,
Arianne,1.137692222,2,
Lil Kaine,1.132205,4,
Choker,1.122883333,4,
Alvvays,1.121116111,7,
Blonde Redhead,1.11987,6,
Kai Whiston,1.118567222,4,
John Frusciante,1.117301389,5,
The Paper Chase,1.115239167,4,
Current Joys,1.112038889,3,
Thee Oh Sees,1.106683611,4,
Grumpster,1.105388611,4,
Duster,1.097358889,6,
Castanets,1.097203056,3,
Daft Punk,1.095748889,7,
KIDS SEE GHOSTS,1.094049444,8,
bôa,1.090716944,3,
Soccer Mommy,1.088156389,2,
Filmmaker,1.087130833,2,
sonotanotanpenz,1.085441944,3,
Lil Yachty,1.081738611,3,
RICEWINE,1.070675278,2,
The Smiths,1.069690556,9,
Ichiko Aoba,1.065410278,2,
PJ Harvey,1.063600278,7,
Beak>,1.057029167,2,
Alberto Ruiz Lavadenz Lira Incaica,1.047924444,3,
DrownMili,1.038786389,2,
Whirr,1.03857,4,
The Breeders,1.036318611,5,
Solen,1.035813333,3,
Haley Heynderickx,1.031351111,2,
A$AP Mob,1.031331389,5,
Andrea Franz,1.029847778,3,
This Heat,1.028311389,5,
Joyce Manor,1.017110278,6,
Washed Out,1.016081111,5,
St. Vincent,1.014405,6,
Harrison Lipton,1.006066667,3,
Bowery Electric,1.005965278,4,
Ariel Pink,1.000271667,3,
Failure,0.998010278,4,
Light Club,0.997521111,2,
The Cleaners From Venus,0.994165278,4,
Exploded View,0.993026111,4,
Guapdad 4000,0.988215,4,
Fugazi,0.984768056,6,
This Is Lorelei,0.984401667,4,
Cryogeyser,0.984378889,4,
Michael Fassbender,0.974535,3,
Stereolab,0.968628333,4,
Her's,0.968432778,4,
Denh Izen,0.966310556,3,
Pond,0.9554,4,
Sofie,0.9547,2,
Minutemen,0.952124167,6,
Adrianne Lenker,0.951671389,3,
Jawbreaker,0.945374722,2,
The Smashing Pumpkins,0.944002222,7,
Ryoma Maeda,0.940711667,3,
Muse,0.939535556,6,
Portishead,0.937053611,6,
Crim3s,0.935523889,2,
AlunaGeorge,0.932096389,3,
WHOKILLEDXIX,0.929424722,2,
The Avalanches,0.926788333,6,
Blanck Mass,0.926004444,2,
Lady Gaga,0.925424722,4,
Milo,0.919858889,4,
Solid Space,0.910818611,3,
Michael Gira,0.908323889,2,
The Radio Dept.,0.908162778,2,
SALES,0.904581389,5,
Conociendo Rusia,0.900926944,2,
Jarboe,0.899012222,2,
Chad VanGaalen,0.897986667,2,
Drahla,0.895660833,6,
Tess Parks & Anton Newcombe,0.893863611,2,
Bugpee OOO,0.8938125,2,
The Chameleons,0.889649722,2,
ANGERYMAN,0.888828333,2,
Surfing,0.886775,2,
Buzzcocks,0.8778325,6,
Jullian,0.873401389,3,
Pop Smoke,0.870513889,4,
Sharon Van Etten,0.870064722,5,
Juice WRLD,0.8687575,5,
Mclusky,0.867846111,4,
Klô Pelgag,0.864629444,2,
Sebadoh,0.863343333,6,
Fitz and The Tantrums,0.861901667,3,
Brand New,0.853772222,6,
Lovesliescrushing,0.846733333,5,
Soda Shop,0.8464325,4,
Arlo Parks,0.844974722,3,
Kitty Craft,0.844421667,2,
Lil Durk,0.840593889,4,
Ty Segall,0.834289444,5,
Turnstile,0.834266111,2,
Fox + Sui,0.832215278,3,
Poppy,0.828777222,4,
Oliver Francis,0.828127778,2,
The Pains Of Being Pure At Heart,0.82651,3,
Warship,0.820750278,4,
TV On The Radio,0.817149444,2,
Metric,0.809343889,6,
Eartheater,0.8069725,2,
Ho99o9,0.803055833,4,
Carpenter Brut,0.799535833,3,
Jay Som,0.797828611,2,
Cindy Lee,0.795449167,2,
Triptides,0.795254722,2,
Lil Ugly Mane,0.794283056,3,
Kelly Lee Owens,0.791208333,5,
Françoise Hardy,0.789869444,2,
Suicidal Tendencies,0.785612778,2,
Bakar,0.783738611,2,
Q Lazzarus,0.78295,3,
draag me,0.779494444,2,
Earl Sweatshirt,0.778687778,5,
Blahsum,0.775126111,4,
Pretty Sick,0.771308056,5,
Angèle,0.768013333,2,
Neutral Milk Hotel,0.765575556,6,
The Jesus and Mary Chain,0.763903333,7,
XXXTENTACION,0.762421944,2,
Foals,0.757223056,5,
Klaxons,0.757033333,5,
Haybaby,0.756486667,2,
Madvillain,0.749709722,7,
Merzbow,0.747058333,3,
Swell Maps,0.7460725,2,
Lund,0.736930278,2,
Fat White Family,0.735218333,2,
tomemitsu,0.734006111,3,
Squid,0.733496111,4,
IC3PEAK,0.733345556,3,
OGRE YOU ASSHOLE,0.733025556,4,
Santo & Johnny,0.7329625,4,
Machine Girl,0.727101667,3,
NOLIFE,0.723271667,2,
Rina Sawayama,0.722253889,3,
Prettiest Eyes,0.718064722,2,
Michul Kuun,0.71673,7,
Dismemberment Plan,0.713955,7,
Shakewell,0.712946111,5,
Your Arms Are My Cocoon,0.712274722,3,
Jesu,0.711375278,5,
Joey Bada$$,0.709456389,4,
A$AP Ferg,0.708698889,5,
Ecco2k,0.706915,4,
Les Savy Fav,0.706484444,6,
Pinkshinyultrablast,0.702659444,2,
Asobi Seksu,0.701633056,2,
Cities Aviv,0.698555556,5,
Bad Bunny,0.6920225,4,
Tame Impala,0.689315278,5,
Three 6 Mafia,0.68058,6,
Gang Of Four,0.676605,6,
sophie meiers,0.676283611,2,
Pygmy Lush,0.674572778,2,
Moor Jewelry,0.673426944,2,
Stella Donnelly,0.671010278,3,
shame,0.670275,2,
Död Mark,0.669203056,4,
DJ Nervoso,0.668973611,2,
Chamaeleon Church,0.668629444,2,
Porcelain Raft,0.668202778,5,
Chat Pile,0.666180833,3,
WAKUSEI ABNORMAL,0.665909444,2,
Ross from Friends,0.661939444,2,
Devendra Banhart,0.661407222,2,
Black Pus,0.660730278,6,
The Black Heart Procession,0.660210833,5,
Mount Kimbie,0.659396389,6,
Yuck,0.659220556,2,
JAY-Z,0.656735833,4,
Spectrals,0.651191667,2,
Aiming for Enrike,0.651079722,2,
Don Liblet,0.649158611,2,
Dirty Projectors,0.648849167,2,
R.I.P.,0.646929444,2,
88rising,0.645609722,3,
Together Pangea,0.643786667,4,
Kilo Kish,0.638301667,3,
death's dynamic shroud,0.635905278,2,
Beach Fossils,0.634405556,4,
Pueblo,0.634106667,4,
!!!,0.633868889,3,
Algernon Cadwallader,0.633417222,2,
Airiel,0.630599722,2,
J Dilla,0.610806944,2,
Lil Peep,0.610463333,2,
Day Wave,0.610271389,5,
HOMESHAKE,0.609775,5,
Desire,0.601654722,3,
The Beatles,0.598792222,7,
The Wake,0.598163889,3,
OneRepublic,0.5947175,3,
Andrew Broder,0.592771944,2,
Blur,0.591553889,5,
Bay Faction,0.591277778,2,
Psychic TV,0.590461389,2,
BONES,0.588741389,2,
Gaz Coombes,0.585580833,2,
Sports,0.585086111,3,
Lizzy Mercier Descloux,0.576163056,2,
Cate le Bon,0.575722778,2,
White Ring,0.575328611,2,
The Drones,0.574620833,5,
Meltycanon,0.573777222,5,
100 gecs,0.572020556,6,
Jessica Lea Mayfield,0.572015278,5,
Natalia Lafourcade,0.569943056,5,
Bandalos Chinos,0.569182778,2,
Kodak Black,0.568703611,4,
Drake,0.5684475,4,
boy pablo,0.564197222,3,
Sun Araw,0.562594444,2,
Les Rallizes Dénudés,0.558824167,5,
Avenade,0.556352222,2,
Pink Guy,0.555293333,3,
The Replacements,0.554361111,5,
Killing Joke,0.553712778,5,
CAN,0.544750833,7,
JID,0.544293889,3,
PVA,0.543441111,3,
Hot Flash Heat Wave,0.542915556,2,
Hella,0.542583056,6,
125 Rue Montmartre,0.540838056,2,
The Front Bottoms,0.540259167,4,
A. G. Cook,0.536631944,2,
Arcade Fire,0.535186944,3,
Izumi Makura,0.534719444,2,
Gangsta Pat,0.5338375,5,
Chrome Sparks,0.532799722,4,
PlayThatBoiZay,0.532088056,2,
Only The Family,0.5309025,3,
DIIV,0.528935278,4,
Deca,0.525991667,2,
Broken Social Scene,0.524848611,4,
Omar Rodríguez-López,0.523588611,5,
I Hate Myself,0.521837222,2,
Visage,0.519671667,3,
yuragi,0.516826667,3,
The Milky Tangerine,0.5164975,2,
Sega Bodega,0.515403889,2,
Sewerslvt,0.513888889,3,
Sebastian Björnfot,0.513777222,2,
Antbrain,0.512835278,2,
Crywank,0.511608889,3,
Iceage,0.511343333,4,
Pinback,0.5110125,2,
Chastity Belt,0.5080675,3,
Soko,0.505614167,2,
Lane,0.504895556,2,
Sleater-Kinney,0.504436667,5,
Part Time,0.501131944,3,
jonatan leandoer96,0.500665278,2,
???,0.4990525,2,
Lil B,0.498815,3,
Say Sue Me,0.497466667,2,
Real Estate,0.494726389,2,
Sam Cooper,0.494545833,2,
The Stooges,0.494465278,4,
The Walkmen,0.490774722,3,
Deafheaven,0.489405278,4,
Gong Gong Gong ???,0.488278056,3,
Tacoma Radar,0.4873975,2,
Grafix,0.486785833,2,
Something Better,0.485427222,2,
Girl Pusher,0.484604722,4,
Pusha T,0.483835278,5,
YELLOW MAGIC ORCHESTRA,0.480148333,5,
Arca,0.4797625,4,
Clarence Clarity,0.478593056,3,
Ratatat,0.477015833,6,
Eastern Youth,0.475411667,2,
Amelie Lens,0.4748875,2,
Duke Deuce,0.468678611,2,
Brazos,0.467912222,2,
21 Savage,0.467584722,5,
naran ratan,0.466557778,2,
Spiritualized,0.465934444,3,
Trementina,0.465401389,3,
Choir Boy,0.463625556,2,
Psychedelic Porn Crumpets,0.463486389,2,
Hype Williams,0.459842222,2,
Young Marble Giants,0.459765556,2,
Clark,0.458766667,2,
BADBADNOTGOOD,0.458237778,3,
Jakey,0.453575556,2,
Oliver Tree,0.448763611,2,
MF DOOM,0.448674722,7,
Dr. Dog,0.448128889,5,
Justice,0.448003333,2,
Cherry Glazerr,0.447126111,3,
Eyedress,0.4470125,3,
At The Drive In,0.442174167,2,
The Red Pears,0.441924167,2,
Metro Boomin,0.440910556,4,
Das Racist,0.438610556,5,
Hot Chip,0.437508611,5,
Kairon; IRSE!,0.432021667,2,
The Sundays,0.429253056,2,
HotBoy414,0.422592222,2,
Pleasure Craft,0.422505,2,
Grizzly Bear,0.421768333,3,
Vegyn,0.420758611,2,
Blood Orange,0.420364722,4,
YNW Melly,0.419088611,3,
Brian Eno,0.417938056,5,
El Huervo,0.417797778,2,
Krill,0.417697222,2,
Haru Nemuri,0.415344444,2,
Late of the Pier,0.409911667,3,
Flower Travellin' Band,0.406549167,3,
Open Mike Eagle,0.406313333,3,
Buddy Ross,0.406203333,3,
Billie Eilish,0.405189444,3,
Doon Kanda,0.404366389,5,
...And You Will Know Us by the Trail of Dead,0.400516667,4,
The Rebel,0.398204167,4,
Guided By Voices,0.397017778,2,
Bloodbath64,0.3955225,2,
Amnesia Scanner,0.395359444,3,
TV Girl,0.393095556,3,
Sadie and the Ladies,0.392694167,3,
Andrew Bird,0.391874722,3,
Sheena Ringo,0.391403889,3,
sun is poison,0.388190556,3,
Vacations,0.388097222,2,
Bedside Kites,0.3870775,2,
Gus Dapperton,0.386173333,3,
Boards of Canada,0.385980833,6,
Trent Reznor,0.38596,8,
Kevin Abstract,0.385660833,5,
Dot Hacker,0.385443611,3,
Higher Brothers,0.384428333,2,
The Growlers,0.384333056,2,
Cannibal Ox,0.384044167,6,
Panda Bear,0.383906667,4,
Destroyer,0.383493056,3,
The Brian Jonestown Massacre,0.381798333,5,
admo,0.380940278,2,
Sunset Rollercoaster,0.3799775,2,
6ix9ine,0.376881389,2,
Bonjr,0.3767325,2,
Refused,0.376034167,2,
The Gaslamp Killer,0.373618889,2,
Inner Wave,0.373424444,3,
Melvins,0.373207778,7,
Mogwai,0.369628056,5,
Skinny Puppy,0.366334444,2,
Dan Deacon,0.3638125,4,
Strawberry Switchblade,0.362515,4,
Laundrette,0.359495278,6,
Red House Painters,0.359481389,2,
And The Kids,0.359427222,2,
The Dead Texan,0.359391944,3,
Helvetia,0.356759444,2,
Superorganism,0.355766667,5,
The Frights,0.355092778,3,
Black Dresses,0.3544125,2,
Disq,0.351415556,2,
Puzzle,0.35072,4,
salvia palth,0.347526944,5,
Photay,0.34737,3,
DILLY DALLY,0.347285,4,
???,0.346924722,2,
Surfer Blood,0.346311111,2,
Thee Silver Mountain Reveries,0.346311111,3,
Death In June,0.345096111,2,
Shygirl,0.34372,2,
La Femme,0.343400278,3,
Post Motel,0.339610833,2,
DJ BORING,0.338965278,2,
Parquet Courts,0.3378975,5,
Mk.gee,0.337582778,2,
Duke Ellington,0.337528611,5,
Dälek,0.336275833,5,
Andy Stott,0.334535,2,
Sparks,0.333906944,3,
Nickelus F,0.333338611,2,
Lorde,0.331879167,3,
TOPS,0.331027222,2,
Lola's Pocket PC,0.329513611,4,
the pillows,0.3261925,2,
Ditch Days,0.325694444,2,
Yanka,0.325453611,3,
The Van Pelt,0.325021389,2,
Attic Abasement,0.323536111,2,
Nü Sensae,0.322072222,5,
Fukkit,0.321686111,2,
Astrobrite,0.317776389,2,
Mr. Bungle,0.317740556,2,
The Notorious B.I.G.,0.316594444,6,
OTTO,0.315683056,2,
Shadow Community ??? ???,0.315615278,2,
Adolescents,0.315439722,6,
Crippled Black Phoenix,0.314266389,2,
Daniel Johnston,0.312773889,2,
The Beach Boys,0.312430833,7,
The Maccabees,0.311379444,4,
$uicideboy$,0.308328056,3,
Negative Gemini,0.3077275,4,
Shakey Graves,0.307283056,2,
Bright Eyes,0.3072275,5,
Telyscopes,0.305895833,2,
Gary Numan,0.302098889,6,
Zach Hill,0.30067,7,
K.Flay,0.299621667,4,
Sugar Candy Mountain,0.2978975,6,
The Fling,0.297233056,5,
Action Bronson,0.296675556,5,
Rush,0.295825,6,
Led Zeppelin,0.295747778,7,
Beck,0.293960833,5,
Joni Mitchell,0.293234167,6,
Mac DeMarco,0.292234722,4,
Coldplay,0.290892222,3,
Nothing,0.2895025,2,
Rodríguez,0.289498611,4,
Voxtrot,0.287873333,2,
Deftones,0.286188611,5,
Negative XP,0.285968889,2,
Better Oblivion Community Center,0.285723611,2,
Fever the Ghost,0.283193056,2,
MorMor,0.2827925,2,
Utro,0.28193,2,
Holy Wave,0.281878611,2,
The Flaming Lips,0.281549722,4,
J. Cole,0.28025,5,
Wu-Tang Clan,0.279264167,6,
Joy Again,0.279207778,2,
Automatic,0.278738889,2,
Red Stars Theory,0.278365556,3,
A House In The Trees,0.277633611,3,
Iggy Pop,0.276226389,6,
Purple Mountains,0.2753375,2,
Ronald Shannon Jackson,0.2749725,2,
Saint Motel,0.274448611,2,
Exmilitary,0.273921944,2,
Beat Happening,0.273211944,4,
Katy Perry,0.273083611,4,
Memo Boy,0.273046944,2,
Planning For Burial,0.272595278,5,
Tonstartssbandht,0.272423056,3,
Lilac Boy,0.2719625,3,
The Pistolas,0.2718175,3,
Deeper,0.271372222,2,
Young Jesus,0.271215278,2,
Them Crooked Vultures,0.271096111,4,
Young Thug,0.269169444,5,
Swinging Riot,0.268998333,5,
Motormark,0.2681325,2,
Olivier Libaux,0.267714444,2,
Big Pity,0.267125278,2,
The Body,0.266775833,4,
beabadoobee,0.266615556,4,
31Knots,0.266171111,4,
Metz,0.265116667,2,
????(U ???),0.264636944,2,
Happyness,0.262165,2,
Died,0.261603333,2,
Pinegrove,0.259365278,2,
Glass Animals,0.258589167,3,
Damaged Bug,0.258415833,2,
Windows 96,0.2583125,2,
Xmal Deutschland,0.257562778,2,
Jockstrap,0.256923889,2,
Lil Uzi Vert,0.2565775,3,
Girlpool,0.255797222,2,
Tourist,0.25453,4,
Mouseatouille,0.253133333,2,
The Clash,0.252854167,6,
Star Moles,0.252303611,2,
Chief Keef,0.2512275,3,
Palehound,0.249291667,2,
Caroline Rose,0.249237778,3,
Fax Gang,0.247608056,2,
Thieves Like Us,0.244910556,4,
Mr Twin Sister,0.244558889,2,
Lucy Dacus,0.244549444,2,
Fleece,0.244096111,3,
OOIOO,0.243110278,3,
Xenia Rubinos,0.242569167,2,
Russian Circles,0.242515,2,
Moses Sumney,0.242405278,2,
Gap Girls,0.242303611,2,
MASS OF THE FERMENTING DREGS,0.242121667,2,
SOPHIE,0.242098056,5,
Molly Nilsson,0.240865,2,
Doja Cat,0.240785556,3,
Flake Music,0.240303333,2,
Strawberry Hospital,0.239946667,2,
Warpaint,0.239299722,5,
Benny Benassi,0.238458333,5,
Charly Bliss,0.238445278,2,
Hooded Fang,0.238053333,2,
Zebra Katz,0.237603056,2,
Hello Mary,0.237106111,2,
Deb Never,0.236927778,3,
Miike Snow,0.2363925,4,
Bauhaus,0.235863056,6,
billy woods,0.235803333,2,
Gouge Away,0.235604444,2,
Jack Stauber,0.233938333,2,
Lilys,0.233361944,2,
Fleeting Joys,0.232618056,2,
Indian Summer,0.231816389,2,
Disclosure,0.2312875,3,
Ovlov,0.230928611,3,
LSDXOXO,0.230073333,2,
PlayShoes,0.230068889,2,
Ghostemane,0.229134167,4,
Captain Beefheart & His Magic Band,0.228494722,5,
Brennan Heart,0.228251667,4,
CONNORPARTY,0.228165,2,
Young Widows,0.227878333,2,
Everything Everything,0.2273125,2,
Saba,0.226240556,2,
Coco & Clair Clair,0.226236111,2,
Pram,0.2239575,2,
Drab Majesty,0.223896667,4,
Alain Gibert,0.223132778,2,
Mickey Darling,0.222498333,2,
Billy Talent,0.222457778,5,
Shellac,0.221721667,5,
Earth Dad,0.220866667,2,
Cold War Kids,0.220479444,4,
Ice Cube,0.220377222,5,
The Church,0.219624167,2,
Cowgirl Clue,0.219511389,2,
Inevitable Daydream,0.219010278,2,
Father John Misty,0.218479722,3,
BigKlit,0.218133056,3,
99jakes,0.218059722,2,
Penguin Cafe Orchestra,0.21797,4,
Pasteboard,0.215163889,2,
Dan Mason ??·????,0.214761389,2,
Conduits,0.214613056,3,
Palm,0.214406667,4,
Massive Attack,0.213703889,4,
French Vanilla,0.212931667,2,
Cibo Matto,0.212619167,2,
Tierra Whack,0.211058611,3,
Sleaford Mods,0.210055278,3,
Salvapantallas,0.209565556,2,
Acid Carousel,0.209531389,3,
Vektroid,0.209321667,3,
Freak Slug,0.209184722,3,
Holy Fuck,0.208930556,2,
Moondog,0.207531667,5,
Heatmiser,0.205971111,5,
Little Simz,0.205880278,2,
Cayetana,0.205643056,2,
The Kinks,0.205213056,6,
Pink Siifu,0.20519,2,
Low Hum,0.205070278,2,
Princess Nokia,0.204954722,3,
mitsume,0.204486944,3,
Hum,0.204450833,2,
Home,0.204422222,2,
ICYTWAT,0.203987222,2,
COUCOU CHLOE,0.203821111,2,
Planet 1999,0.203238889,2,
Danger Incorporated,0.202989167,2,
Jimothy Lacoste,0.202568056,2,
Battles,0.202414167,3,
Danger Mouse,0.202224722,2,
Johnny Goth,0.202040278,3,
Hop Along,0.201908333,2,
The Olivia Tremor Control,0.201574722,2,
Shlohmo,0.201426944,4,
Hibou,0.199878333,2,
Mr. Gnome,0.199817222,2,
Louis Hardin,0.199603889,2,
Foam,0.199396667,5,
Lunar Vacation,0.199331389,2,
Mission Of Burma,0.198237778,5,
King Geedorah,0.197895833,5,
Shye Ben Tzur,0.1972,2,
GRLwood,0.197166667,2,
Death From Above 1979,0.196741944,5,
Best Frenz,0.196068611,2,
Pharmacist,0.194582222,2,
Mothers,0.194503611,3,
Dope Body,0.194390556,2,
Gold Celeste,0.194285278,2,
Beach Goons,0.194059444,3,
The Symposium,0.194024722,2,
Foghat,0.192846111,3,
070 Shake,0.192323333,2,
Flipper's Guitar,0.192026944,2,
The Wytches,0.191215,3,
Bad Religion,0.190341389,5,
Ariana Grande,0.190341111,4,
The Buttertones,0.190262778,4,
Forest Swords,0.190198889,2,
Yung Heazy,0.190163056,2,
The Mars Volta,0.189913611,5,
Busdriver,0.1896325,2,
Lansing-Dreiden,0.188753611,2,
Post Animal,0.188120556,3,
Margaux,0.1876775,3,
Avishai Cohen,0.18746,2,
GAUCI,0.1872575,2,
Black Wing,0.186996667,2,
Jurassic Shark,0.186901667,2,
Drop Nineteens,0.186808056,3,
Farah,0.186731667,2,
The Associates,0.186555556,2,
American Football,0.1865525,5,
Frankie Cosmos,0.186373611,2,
Dean Blunt,0.185964444,2,
Keane,0.185926111,3,
BLEACH,0.185563056,2,
Issam Hajali,0.185286111,2,
Lady Lamb,0.184760278,2,
Bedroom,0.184589722,3,
Meatbodies,0.184532778,2,
Pia Fraus,0.184488333,2,
Soulja Boy,0.183571944,4,
Brutus VIII,0.183413889,3,
The Pastels,0.183149722,2,
Deep Space Supergroop,0.183114722,2,
Dirty Art Club,0.182603611,2,
Mourn,0.182271667,3,
Ride,0.180989444,2,
Silver Jews,0.180846389,4,
Antwon,0.180681944,2,
Gulch,0.180619167,2,
Van Morrison,0.180358333,5,
Adventures,0.180221667,2,
Bogdan Raczynski,0.179641111,2,
Indigo De Souza,0.179069444,2,
TOBACCO,0.179053056,2,
Drug Store Romeos,0.177768056,2,
Clipse,0.177038333,2,
Boy Azooga,0.176548889,2,
Remember Sports,0.176376667,2,
Unaloon,0.176322222,2,
Deakin,0.175372222,3,
Mathématiques Modernes,0.174720556,2,
fkbambam,0.174517778,2,
Perturbator,0.174465,3,
Slugbug,0.174223611,2,
Tiefschwarz,0.173924444,2,
Hong Kong Express,0.173754444,2,
Fleetwood Mac,0.173488611,6,
Candeias,0.173387778,2,
Q And Not U,0.17334,4,
Superchunk,0.173295278,5,
Otoboke Beaver,0.173176667,5,
Sun Kil Moon,0.172853333,5,
Pastel Ghost,0.172391667,2,
Normil Hawaiians,0.172253889,2,
Matmos,0.172126667,2,
TsuShiMaMiRe,0.172000278,3,
Nouns,0.1719075,2,
Jacques Greene,0.171483056,2,
The Dead Weather,0.171171944,4,
Hans Zimmer,0.171123056,4,
Cypis,0.171099722,2,
Jerkcurb,0.171026667,3,
Stars Of The Lid,0.169463333,2,
machinegum,0.169262778,2,
The Veldt,0.169159167,2,
IAN SWEET,0.168813611,2,
Mura Masa,0.168468056,2,
Divino Niño,0.168101944,2,
Pig&Dan,0.16776,2,
Cullen Omori,0.1677325,2,
Meat Wave,0.167625833,2,
Devil's Witches,0.167313889,2,
Cloud Nothings,0.167213056,2,
Mild High Club,0.166983889,3,
Jay Worthy,0.166817778,2,
Yung Lean,0.166733333,2,
Calvin Harris,0.166280556,4,
Genevieve Artadi,0.166235,2,
Coaltar Of The Deepers,0.165936667,2,
HMLTD,0.16576,2,
FrankJavCee,0.165485,2,
JJ DOOM,0.165321667,5,
Kedama,0.164894444,4,
Ceremony,0.164725833,6,
Neptunian Maximalism,0.164469444,2,
ORB,0.164168056,2,
Nick Leng,0.163713889,2,
The Unicorns,0.163574722,2,
Deem Spencer,0.163451111,2,
Django Django,0.163234722,3,
Bedwetter,0.162868056,3,
Free Kitten,0.162841389,2,
Naked Giants,0.162331389,3,
Roger Eno,0.162235,3,
toe,0.162175278,2,
Celestaphone,0.161959722,2,
Babe Rainbow,0.161811111,2,
Sky Ferreira,0.161781111,4,
Mazzy Star,0.161688889,5,
Jerry Paper,0.161631389,2,
The Depreciation Guild,0.159725556,2,
Marcos Balter,0.159446667,2,
VR SEX,0.159008056,2,
Skegss,0.15817,4,
Yukari,0.157466667,2,
Nice Legs,0.156936667,2,
Frank Zappa,0.156854444,5,
Smino,0.156795833,2,
Giant Swan,0.156177222,3,
Free Snacks,0.1560025,2,
Galaxie 500,0.155925278,4,
Thou,0.155923889,2,
Matt Elliott,0.155848056,2,
Redline Graffiti,0.155694444,2,
ARTHUR,0.155265556,2,
Pile,0.155188611,5,
PYRMDPLAZA,0.155164167,2,
Cursive,0.155003889,2,
Love and Rockets,0.154643611,2,
Coma Cinema,0.154182778,2,
Butthole Surfers,0.153651944,6,
PUP,0.153176111,4,
Ximena Sariñana,0.152866667,2,
?????,0.152648056,2,
BLACKSTARKIDS,0.152461111,2,
The Academic,0.1522875,2,
R.A.P. Ferreira,0.152233333,3,
Coyu,0.152075556,3,
Porches,0.151898611,3,
Scattle,0.151868889,2,
"Daniel, Me Estás Matando",0.151842778,2,
Pussy Riot,0.151703611,2,
She Past Away,0.151599722,2,
Luna Li,0.151343611,2,
Kornél Kovács,0.151318056,2,
COBRAH,0.151308611,2,
Pulp,0.150130833,3,
Sidney Gish,0.149194722,2,
Videoclub,0.149141667,2,
BRONCHO,0.149116389,3,
Section 25,0.149088333,2,
Porcupine Tree,0.148588889,5,
Shinichiro Yokota,0.148248611,2,
Code Orange,0.1480925,5,
Number Girl,0.148055556,2,
The Frogs,0.147843889,2,
Great Grandpa,0.147661944,2,
Kyuss,0.147491667,5,
Connan Mockasin,0.147203889,2,
Wild Nothing,0.146919167,2,
BOBBY,0.146498056,2,
Naomi Smalls,0.146210556,2,
Beach Bums,0.146119444,3,
Cult Of Luna,0.145966667,2,
TOKiMONSTA,0.145723056,3,
Matt Watson,0.145709167,3,
Com Truise,0.145120833,2,
Balue,0.145,2,
Dinosaur Jr.,0.144066389,5,
Chinese Football,0.144043889,5,
Paul Anka,0.143939444,5,
The Koreatown Oddity,0.143264444,2,
6 Dogs,0.143255,2,
Simon & Garfunkel,0.142981667,7,
Balkans,0.142749722,2,
Slow Hollows,0.142295,2,
Carla dal Forno,0.142159722,2,
Fleet Foxes,0.141475833,3,
Étienne Daho,0.141362778,2,
Touché Amoré,0.141273889,2,
Kraftwerk,0.140175556,6,
Jonathan Bree,0.139417778,2,
Lorn,0.139306389,2,
Them Are Us Too,0.139248611,2,
The Beta Band,0.139051944,2,
Drainpipe,0.1387125,2,
Bibio,0.138651667,2,
infinite bisous,0.138621111,2,
ESG,0.138241944,2,
Venetian Snares,0.138054444,3,
X,0.137714444,4,
Boyscott,0.137203333,2,
The Bilinda Butchers,0.137158611,2,
Aminé,0.136974722,4,
Ulver,0.136751111,2,
Battle Tapes,0.136678333,2,
The Last Shadow Puppets,0.136515,2,
Brdrml,0.136338333,2,
ef,0.1362125,2,
Kim Petras,0.136143056,2,
Vapid,0.135691111,4,
Matt and Kim,0.135677778,4,
Slauson Malone,0.135516111,2,
Mariah,0.135259167,2,
The Count of Galveston,0.135214167,2,
Hypoluxo,0.135149167,2,
????,0.134456667,2,
ScHoolboy Q,0.134448611,3,
Alice In Chains,0.134183333,7,
Sunscreen,0.133893889,2,
Glüme,0.133816111,2,
Tears For Fears,0.133453333,5,
Cobra Man,0.133339444,2,
No Trend,0.133233889,2,
Adam the Shinobi,0.133045556,2,
Bad Brains,0.132945,6,
Sound of Ceres,0.132569167,7,
The Japanese House,0.132160556,2,
LVL UP,0.132001667,2,
Lowlife,0.131493333,3,
Dua Saleh,0.130897778,3,
Jay Rock,0.130773889,3,
Cough,0.130614722,3,
Quelle Chris,0.130446389,2,
Mcbaise,0.129961944,2,
Crass,0.129954167,2,
They Are Gutting a Body of Water,0.129588889,2,
Grinderman,0.129444167,2,
Beastie Boys,0.129368333,6,
Hipnotica,0.129243889,2,
Yvncc,0.129046944,2,
Klaus Johann Grobe,0.128706944,2,
Diemen Sniep,0.128534167,2,
DAOKO,0.128039444,2,
Kate Bush,0.128015,6,
State Faults,0.127876389,2,
Dj Smokey,0.127873611,2,
Chris Liebing,0.127735278,2,
Tempers,0.127633611,2,
FIDLAR,0.127605278,6,
Magazine,0.127433333,2,
Father,0.127391389,2,
Metalocalypse: Dethklok,0.127271389,5,
Jefre Cantu-Ledesma,0.127140278,2,
Dry Cleaning,0.1269875,2,
Dsblade,0.126889722,2,
Channel Tres,0.126809167,2,
Skinshape,0.126739444,2,
Billy Cobb,0.126631389,2,
Bag Raiders,0.126535,3,
The Apples In Stereo,0.126187778,3,
Jonwayne,0.125807778,2,
The Hellp,0.125710556,2,
Eluvium,0.125681667,2,
Dorian Electra,0.125510556,3,
Silversun Pickups,0.125308611,4,
Princess Chelsea,0.125175556,2,
Amy Winehouse,0.125072222,5,
Sleepy Dog,0.1249825,2,
Modern Vices,0.124893889,2,
THE ANXIETY,0.124669444,2,
MadeinTYO,0.124592222,3,
Mikadroid,0.124451667,2,
Elevator Fight Club,0.124444444,2,
William Onyeabor,0.124375,2,
Saskwatch,0.124362778,2,
Avril Lavigne,0.124299722,3,
Clinic,0.124258889,3,
WHY?,0.124242222,2,
Virtual Self,0.123923333,2,
The Cry,0.123572778,2,
Alexia Gredy,0.12337,2,
Sex Swing,0.123270278,2,
Germs,0.123028889,4,
Bohren & Der Club Of Gore,0.122879722,2,
Claas Herrmann,0.122104167,2,
Eats Everything,0.121866667,2,
Alaska Y Dinarama,0.121534722,2,
okaywill,0.121406944,2,
Viktor Vaughn,0.121278611,2,
Tytuus,0.121274444,2,
The Claypool Lennon Delirium,0.121224167,2,
The Magnetic Fields,0.120791667,3,
BENEE,0.120780278,2,
Oranssi Pazuzu,0.120762778,2,
Frog,0.120653889,3,
M83,0.120426944,3,
Strawberry Guy,0.120320833,2,
Shrimp,0.120163611,2,
Auguste,0.119891111,2,
Indios,0.119772778,2,
22Gz,0.119536389,2,
Doves,0.119419444,2,
Rejoicer,0.119070278,2,
Sweetest,0.118885833,2,
Chris Keys,0.118882778,2,
This Will Destroy You,0.118835278,2,
Yung Bans,0.118711944,2,
Jesu/Sun Kil Moon,0.118649722,3,
Simon Kingsbury,0.118592222,2,
Motorama,0.118256389,2,
Teen Suicide,0.118196389,2,
??????•?)?? ?? ??????? ??,0.118176111,2,
levitation room,0.118081111,2,
The Hit Parade,0.118022222,2,
Bill Callahan,0.117795278,2,
No Local,0.117694167,2,
Carton Park,0.117636667,2,
KennyHoopla,0.117216667,2,
NNAMDÏ,0.11721,2,
BB Brunes,0.117007222,2,
Moby,0.116542778,4,
Sisyphus,0.116435833,4,
Juniore,0.116412778,2,
Ben Vida,0.116183611,2,
3OH!3,0.116150556,3,
Kate NV,0.116036944,2,
Luca Bocci,0.115763889,2,
Perras on the beach,0.115720833,2,
DJ Khaled,0.115716111,3,
Haircuts for Men,0.115558333,2,
Jerry Martin,0.115533056,2,
Pan-Pot,0.115482778,2,
Kurt Vile,0.115477778,3,
Ana Frango Elétrico,0.115358056,2,
Summer Salt,0.115204444,2,
Caspian,0.114833333,2,
Unown,0.114813056,4,
Surf Rock Is Dead,0.114448056,3,
Disheveled Cuss,0.114408056,2,
The Aces,0.114381389,2,
Delete Insert,0.114366667,2,
Lil Gotit,0.114234444,2,
Shoreline Mafia,0.11422,2,
Daedelus,0.114203889,2,
The Jesus Lizard,0.114189444,3,
Phanosland,0.113969167,2,
Caleb Landry Jones,0.113696111,2,
Hot Sugar,0.113375,2,
Kleenex,0.112923611,4,
People Taking Pictures,0.112922222,2,
OHYUNG,0.112569444,2,
Hyperloop,0.1125625,2,
Tirzah,0.112509444,2,
Carsick Cars,0.112385,2,
Lusine,0.112357222,2,
Sleep,0.111676667,2,
Dr. Lonnie Smith,0.111414722,2,
Antena,0.111029722,2,
Kevin & the Bikes,0.1109325,2,
Trudy and the Romance,0.110827222,2,
Greenwave Beth,0.110475,2,
Le Tigre,0.110011667,3,
Duchess Says,0.109942222,2,
Joyhauser,0.109643056,2,
Swim Mountain,0.109466111,4,
Ed Harrison,0.109448056,5,
wych elm,0.109338333,2,
?????????? ????,0.109258333,2,
Avey Tare,0.109221111,5,
Four Tet,0.108998056,5,
Wilco,0.108664722,5,
ionnalee,0.108651667,2,
Porridge Radio,0.108590833,2,
Jack Tickner,0.108410278,2,
Hombres G,0.108258889,2,
Smokepurpp,0.108206111,3,
Ningen Isu,0.107933889,4,
Puma Blue,0.107720833,2,
Rav,0.107703056,2,
UNKLE,0.107210556,3,
Weval,0.106940833,3,
Sheer Mag,0.106911111,2,
Acid King,0.106907222,3,
The Slits,0.106408889,3,
The Tea Street Band,0.106408889,2,
Moor Mother,0.106407778,3,
Craig Xen,0.106306944,2,
Moodoïd,0.106232222,2,
Lou Reed,0.106050833,6,
JEFF The Brotherhood,0.105828056,2,
In Death It Ends,0.105802222,2,
Small Black,0.105667778,2,
Cynthia Dall,0.105658889,2,
Lil Darkie,0.105551944,2,
Young Stoner Life,0.105418333,2,
King Woman,0.105324722,2,
Fox Academy,0.105309722,2,
ODB,0.105251667,2,
Ricky Nelson,0.105158056,3,
Acetantina,0.105155278,3,
Thinking Fellers Union Local 282,0.104946667,2,
food house,0.104539722,2,
MONO,0.104493333,3,
1 800 PAIN,0.104441667,3,
Stevie Dinner,0.104213333,3,
Cold Hart,0.103803056,3,
Acid Bath,0.103629444,2,
T. Rexico,0.1036175,2,
Jeff Rosenstock,0.10345,2,
Gangpol & Mit,0.103336667,2,
The xx,0.103203611,4,
Gupi,0.102911111,2,
C418,0.102660556,5,
Rosa Yemen,0.102121944,2,
CASTLEBEAT,0.101948889,2,
XTC,0.101760833,6,
S. Product,0.10166,2,
Powerplant,0.101609722,2,
OM,0.101588889,2,
Suicide,0.101234167,2,
Skrillex,0.101098056,2,
DEMON QUEEN,0.100826111,2,
The Dead Pirates,0.100752222,3,
sir Was,0.100372222,2,
Swain,0.100287222,3,
Pere Ubu,0.100221944,2,
Porter Robinson,0.100155278,2,
Surf Mesa,0.100135833,2,
Misfits,0.100044722,5,
Anamanaguchi,0.099595556,2,
Chong the Nomad,0.099556944,2,
Sexy Girls,0.099548056,2,
The Weeknd,0.099454722,5,
Mudhoney,0.099448611,6,
Mormon Toasterhead,0.099438889,2,
Aron Edwards,0.0986975,2,
Vanillaroma,0.098626944,2,
GOOSE,0.098586667,2,
Sevdaliza,0.098500833,2,
ALASKALASKA,0.098300833,2,
Night Beats,0.097881667,3,
Mirèle,0.097777778,2,
Mount Eerie,0.097438889,6,
Rezzett,0.0971975,2,
alt-J,0.096864167,5,
Title Fight,0.0968425,5,
Djo,0.096626389,2,
BAMBARA,0.0964725,2,
Blonde Tongues,0.096388889,2,
The Postal Service,0.096214444,4,
Black Moth Super Rainbow,0.096023333,3,
Lots of Hands,0.095910833,3,
Amen Dunes,0.095890833,2,
Blank Banshee,0.09567,3,
Meek Mill,0.095647222,4,
Khruangbin,0.095249722,2,
Travis Barker,0.095236667,4,
Slipmatt,0.095116667,3,
Saajtak,0.094963056,3,
The Shivas,0.094725556,2,
The Stranglers,0.094723333,2,
IS TROPICAL,0.094715,3,
Mild Minds,0.0946725,2,
Teebs,0.094488333,2,
Daniela Andrade,0.094451667,2,
The Green Kingdom,0.094405,2,
Dauwd,0.094315278,2,
Flavia Cortez,0.09421,2,
A Taste Of Honey,0.093925833,2,
"Parks, Squares and Alleys",0.093872778,2,
Seven Lions,0.093779167,2,
Club Kuru,0.09351,2,
Harry Nilsson,0.093401944,2,
Claire Laffut,0.093160833,1,
Prefab Sprout,0.093104722,1,
3l3d3p,0.092973333,1,
Jane's Addiction,0.092835278,6,
Blac Chyna,0.092816111,1,
Jeff Buckley,0.092680833,1,
Oko Ebombo,0.092503889,1,
Julia Jacklin,0.092496111,1,
Charles De Goal,0.092322222,1,
Gunship,0.092172222,1,
Slothrust,0.092123889,1,
Le Butcherettes,0.0919925,3,
Sam Gellaitry,0.091922778,1,
Conaxo,0.091916944,1,
Thomas Barrandon,0.091896111,1,
The B-52's,0.091781389,6,
Kedr Livanskiy,0.091780833,1,
Cornelius,0.091725556,1,
Jérôme 50,0.091666667,1,
Andy Williams,0.091555556,1,
The Homesick,0.091547222,1,
Men I Trust,0.091420833,4,
Hana Vu,0.091205,1,
DJ Haram,0.091183889,1,
Apache Sun,0.091175833,3,
The Internet,0.091135278,3,
Rejjie Snow,0.090881389,2,
Thundercat,0.090879444,5,
Roar,0.090722778,3,
Goodbye Honolulu,0.090571667,2,
Bearcubs,0.090480556,1,
Gazoline,0.090478889,1,
Dion,0.090305556,1,
Fred Nevché,0.090182778,1,
RÜFÜS DU SOL,0.089776944,1,
Potwash,0.089333333,1,
Plums,0.089331389,1,
New Optimism,0.089199167,1,
You'll Never Get to Heaven,0.089119444,1,
Craft Spells,0.088943889,1,
Loving,0.088854444,1,
YBN Nahmir,0.088841667,3,
Ayano Kaneko,0.0887575,1,
No Age,0.088680833,4,
Coil,0.088275833,5,
Clairo,0.088206389,4,
Shooter McShootem,0.088043611,3,
Bulldog Eyes,0.087998889,1,
Sirius Blvck,0.087903611,1,
Digitalism,0.0878725,1,
Kikagaku Moyo,0.087857222,1,
Marble Arch,0.087844167,1,
Aksak Maboul,0.087536111,1,
Horsey,0.0874875,1,
Baker Ya Maker,0.087306667,1,
Josef K,0.086950556,1,
Slaves,0.086876111,1,
Hudson Mohawke,0.086845833,1,
SE SO NEON,0.086563889,1,
Alien Trilogy,0.086423056,5,
Spirit Club,0.086386667,1,
redveil,0.086041389,1,
Hikes,0.085741389,1,
No Swoon,0.085696944,1,
Jack Stauber's Micropop,0.085388889,3,
Film School,0.085362778,3,
Steve Lacy,0.085335278,2,
Tess Parks,0.0852925,1,
gizmo,0.085268333,1,
Blackbird Blackbird,0.0852175,1,
Anna Domino,0.084913333,1,
Above & Beyond,0.084843056,1,
Whitney,0.084736667,3,
Body Meat,0.084733056,1,
New Lovers,0.084641111,1,
Afourteen,0.084595,1,
Christophe,0.084478333,1,
Sunny Day Real Estate,0.0844625,3,
Midnight Sister,0.084203333,1,
Iron Curtain,0.0838925,1,
Bedhead,0.083725,1,
Mall Grab,0.083683333,1,
Hemlock Ernst,0.083453056,1,
Goblin Cock,0.083425556,3,
Endless Digital Birthdays,0.083272222,1,
Carl Cox,0.083210278,1,
Holograms,0.083189722,1,
Big Black Delta,0.083187222,1,
Modern Color,0.083178056,1,
KOOL A.D.,0.083139167,3,
L'Epee,0.083113056,1,
Osees,0.083045278,3,
King Crimson,0.082714722,6,
Dog Faced Hermans,0.082711389,1,
Yndi Halda,0.082699444,1,
Declan McKenna,0.082698333,1,
Varsity,0.082301667,1,
Little Florence,0.082146111,1,
Dos Aeme,0.082056389,1,
WOOZE,0.082028333,3,
Frankie and the Witch Fingers,0.08201,2,
The Devil,0.082,4,
Stephen Malkmus,0.081914722,1,
Gideon Lewis,0.081883333,1,
Date Stuff,0.081788889,1,
Byetone,0.081733333,1,
Julieta Venegas,0.081720278,1,
Fabolous,0.081606944,4,
??,0.081590278,1,
Art Contest,0.081573056,2,
Tears Run Rings,0.081518333,1,
Oxbow,0.0813025,3,
Varg²™,0.081301389,1,
Pinc Louds,0.080772222,1,
Estelle,0.080575833,1,
Troye Sivan,0.080508333,1,
Priests,0.080423889,1,
Television,0.080040278,5,
Jordana,0.079956111,1,
Antarctigo Vespucci,0.079929722,1,
The Raconteurs,0.079919167,5,
It It,0.079715556,1,
Bark Bark Disco,0.079581944,1,
Chairlift,0.079513889,1,
MED,0.079476111,1,
Okay Kaya,0.079449167,1,
Croatian Amor,0.079423056,3,
Noname,0.079325278,1,
The Rapture,0.079044722,1,
Lapalux,0.078939444,1,
Mellow Fellow,0.078848611,1,
Meridian Brothers,0.078640556,1,
julie,0.078581111,1,
CHAI,0.078467222,1,
Squarepusher,0.078351667,1,
Vanishing Twin,0.078240556,1,
"Adore, 1996",0.078176667,1,
Busta Rhymes,0.078159167,3,
Ørdop Wolkenscheidt,0.078113611,1,
"Dream, Ivory",0.078023056,1,
Baby Keem,0.077986944,1,
The Limiñanas,0.077876944,1,
The Books,0.077736944,1,
BOYO,0.077585,1,
Melt-Banana,0.077558889,5,
Agar Agar,0.0775025,1,
Sparklehorse,0.077383611,4,
The Stargazer Lilies,0.077307778,1,
Lili Trifilio,0.077202222,1,
Wolf Parade,0.0770175,3,
Fearing,0.077,1,
Twerps,0.0769,1,
Luminousorange,0.0769,1,
Kxllswxtch,0.076833056,1,
Purity Ring,0.076824444,1,
Armand Hammer,0.076657222,1,
Steve Reich,0.076611111,1,
Radiator Hospital,0.076595,1,
HAIM,0.076555556,1,
The Whitest Boy Alive,0.076495556,3,
Koi Child,0.076232222,1,
my dead girlfriend,0.076166667,1,
Meitei,0.076032222,1,
Nation of Language,0.076011111,1,
Jons,0.075885,1,
Daryl Hall & John Oates,0.075881389,1,
Cloudjumper,0.075833611,1,
Spike Vincent,0.075767778,1,
Ab-Soul,0.075640556,1,
Bal Paré,0.075609444,1,
Boardwalk,0.07555,3,
BlackGummy,0.075488056,1,
Benny The Butcher,0.075424722,1,
Razorbumps,0.075353889,1,
Shojo Skip,0.075261944,1,
Jordaan Mason & The Horse Museum,0.075184167,1,
The Crudes,0.074991944,1,
Black Belt Eagle Scout,0.074961944,1,
Lush,0.074933889,1,
Shonen Knife,0.074919444,1,
Trevor Something,0.074322778,1,
The Black Angels,0.074277778,1,
Buke & Gase,0.074175833,1,
Alex Cameron,0.0740625,1,
Dogleg,0.074041667,1,
Throbbing Gristle,0.073958889,1,
Macdonald Duck Éclair,0.073907222,1,
Eddie Fresco,0.073894167,1,
Godflesh,0.073888889,1,
Bored Shorts,0.07387,1,
Kamiyada+,0.0738225,1,
Francobollo,0.073491667,1,
Rumskib,0.073414722,1,
Essential Logic,0.073159167,1,
Floral Tattoo,0.073146667,1,
Froth,0.073120833,1,
Wise Blood,0.073099722,1,
TheDeadCanRap,0.073044444,1,
KAMAARA,0.073028056,1,
Les Sins,0.072936944,1,
Moses Gunn Collective,0.072931667,1,
MIKE,0.072783611,1,
Sons of an Illustrious Father,0.072744167,1,
Uniform,0.072736389,1,
Pixx,0.072676944,1,
MF Grimm,0.072651667,1,
SONIKKU,0.072605833,1,
Mauno,0.072555556,1,
TENTENKO,0.072355833,1,
Bourgeois Earth,0.072323611,1,
Thorii,0.072171389,1,
POPPONGENE,0.072165556,1,
Frances Quinlan,0.071965278,1,
Nick Drake,0.071855556,1,
Bekah CC,0.071626389,1,
Tim Heidecker,0.071576944,1,
Baxter Dury,0.071319167,1,
The Districts,0.071253056,2,
Hakushi Hasegawa,0.071050833,1,
p4rkr,0.071041944,1,
Jamiroquai,0.070956111,1,
????????,0.070845556,1,
ShitKid,0.070731111,1,
The Shacks,0.070683889,1,
The Marías,0.070601111,3,
Junebug,0.070443889,1,
No Rome,0.0704325,1,
Dylan Brady,0.070365,1,
Girls,0.070244444,1,
Riddarna,0.070149167,1,
Cass McCombs,0.0700225,1,
NxxxxxS,0.069967222,1,
Protistas,0.069911389,1,
Sitcom,0.069901944,1,
Modern Eon,0.069754167,1,
Silver Apples,0.069688611,4,
Nick Hakim,0.069515833,1,
Sleep Party People,0.069448056,1,
Moors,0.069207222,1,
Zelooperz,0.068957222,1,
Body Type,0.068750278,1,
Plumtree,0.068741111,3,
Omni,0.068656667,4,
Snapped Ankles,0.068630833,1,
Philemon Arthur & The Dung,0.068535833,5,
Ozzy Osbourne,0.068456389,7,
DJ Nigga Fox,0.068360556,1,
Midwife,0.068115833,2,
Hello Yello,0.068071111,1,
Dumb Numbers,0.068017778,1,
JACKBOYS,0.067988889,5,
Tooth Paint,0.067950278,1,
Dyna de Silver,0.067863333,1,
The Damned,0.067854167,1,
SyncTM,0.067828056,1,
Salma Agha,0.067818333,1,
Mini Mansions,0.067736944,1,
Crying,0.06769,1,
Jank,0.067528333,1,
Zack Villere,0.067355,1,
Deli Girls,0.067350833,4,
Ghostface Killah,0.067305556,4,
Pearl Jam,0.067298611,6,
Luke Vibert,0.067185,1,
Wondha Mountain,0.067117222,1,
Van Halen,0.067110833,5,
Nujabes,0.067105556,5,
James Supercave,0.067088889,1,
Slutever,0.066857222,1,
Royal Blood,0.066825556,2,
The Southend Rainbows,0.066789444,1,
Geneva Jacuzzi,0.066776944,1,
Nmesh,0.066745833,1,
Young Fathers,0.066743333,1,
Dianna Lopez,0.066666667,1,
YSI,0.0665675,1,
The Shed,0.066520556,1,
Travis,0.066455556,1,
Susumu Yokota,0.0664,1,
Jaakko Eino Kalevi,0.0663,1,
Vein,0.066292222,1,
The Dead Milkmen,0.066190833,6,
LOUTA,0.066179444,1,
Soul Coughing,0.066070556,1,
Vessel,0.066033333,1,
Louis Prince,0.065981111,1,
Temples,0.065960556,1,
The Arcs,0.065946944,1,
SAULT,0.065834722,1,
Xavier Wulf,0.065661667,3,
Moaning,0.065641111,2,
Lillian Blue Makin,0.065630278,1,
Les Gordon,0.065473611,1,
Aventura,0.065305833,3,
L7,0.065303611,6,
Dinamarca,0.0652775,1,
Giraffage,0.065269444,1,
Lilium,0.065238056,1,
Public Access T.V.,0.065233333,1,
I Can Fly,0.065185,1,
lilbubblegum,0.065178333,1,
Foxtails,0.065099444,1,
City and Colour,0.065084722,4,
Hannah Diamond,0.065055556,1,
Stephen Malkmus & The Jicks,0.065031667,1,
FLETCHER,0.064995833,1,
Ought,0.064908333,1,
Bura Bura,0.064906111,1,
Grace Ives,0.064823056,1,
Modeselektor,0.064754444,3,
The Buttress,0.064750278,1,
Ducktails,0.064557778,1,
David Olivo,0.064553889,1,
GIRLI,0.064516944,1,
Santamonica,0.064440556,1,
The Julie Ruin,0.064422222,1,
Cranes,0.064307222,1,
Ty Dolla $ign,0.064185,3,
1LINHA CLASSIC,0.064091944,1,
bbno$,0.064064722,1,
Sad Lovers & Giants,0.064,1,
Boss Hog,0.063948611,3,
Thaiboy Digital,0.063865556,1,
Purr,0.063732222,1,
Blondie,0.063728611,6,
Vanic,0.063651389,1,
Freeway,0.063640556,1,
Depresión Sonora,0.063612778,1,
Puscifer,0.063493333,1,
Yura Yura Teikoku,0.063470833,1,
Babey,0.063403333,1,
Young Guv,0.063333333,1,
Ruel,0.063243611,1,
Lo' Pibitos,0.063181111,1,
Judas Priest,0.0631175,7,
India Shawn,0.062918333,1,
A.R. Kane,0.062902222,1,
T. Rex,0.062892778,1,
Darto,0.062868056,1,
The Cranberries,0.0626175,1,
Jennifer Lopez,0.062611111,4,
Hoobastank,0.0625325,3,
Moondreamzzz,0.062517778,1,
Step Rockets,0.062513889,1,
SubRosa,0.062500278,1,
Magdalena Bay,0.0625,1,
Onoe Caponoe,0.062436389,1,
Phantoms,0.062422778,1,
Sadventure,0.062366111,1,
Soda Stereo,0.062328611,1,
Underworld,0.062304444,5,
Bobby Raps,0.062299444,1,
Stegosaurus Rex,0.062133889,1,
LazyGod,0.062126944,1,
Floating Points,0.062023889,1,
the Graveltones,0.061959167,1,
Tad,0.061769167,6,
Arthur Russell,0.061694444,1,
The Monochrome Set,0.061678889,3,
Melawati,0.061662778,1,
Ela Minus,0.061653611,1,
Dua Lipa,0.061616667,3,
Freshly Wrapped Candies,0.061616111,1,
Teamm Jordann,0.061538333,1,
Elyse Weinberg,0.061229444,1,
Ian Chang,0.061123056,3,
HIFANA,0.061122222,1,
Yeah Yeah Yeahs,0.061107222,5,
Jungle,0.061106667,1,
LA Priest,0.061096389,1,
GRANDMA,0.060958889,1,
Yung Bambi,0.060929444,1,
Psychic Ills,0.060818333,1,
Johanna Warren,0.060753889,1,
The Halo Benders,0.060714722,1,
Kurt Cobain,0.060703611,6,
Magrudergrind,0.060536944,1,
Death,0.060489444,1,
Dos Monos,0.060486389,1,
playboi nathan,0.060481111,1,
OCS,0.060468611,1,
Over the Garden Wall,0.060411944,1,
Noisecream,0.060313333,1,
Antelope,0.060231111,1,
strongboi,0.060081389,1,
Destructo,0.060049167,1,
Moe Shop,0.06003,1,
KISS,0.059981389,2,
X Ambassadors,0.059967222,1,
Ulrika Spacek,0.059861667,1,
Lil Rob,0.059849167,1,
Hand Habits,0.059743611,1,
That Kid,0.0597125,1,
Evanescence,0.059640556,3,
"Dr. Bobby Banner, MPC",0.059607778,1,
Reptaliens,0.059569167,1,
DMX,0.059566667,6,
t.A.T.u.,0.059566667,1,
Jun Togawa,0.059559167,1,
Lance Skiiiwalker,0.059525,1,
xxyyxx,0.059420278,1,
Problem Child 5,0.059355278,1,
Baths,0.059240278,1,
Damian Marley,0.059228611,1,
Good Boy,0.059189167,1,
mxmtoon,0.059132222,1,
Justin Bieber,0.05913,2,
Human Tetris,0.059087222,1,
Anne-Marie,0.058849167,1,
Cody Munro Moore,0.058723889,1,
Morrissey,0.058708333,4,
Dai Burger,0.058668611,1,
Salami Rose Joe Louis,0.058666667,1,
FKA 059,0.058640278,1,
Alex Turner,0.058625833,1,
DRIMS,0.058588889,1,
Knox Hamilton,0.058521111,1,
Hazel English,0.058470278,1,
Univore,0.058348889,1,
GZA,0.058325833,1,
Black Kray,0.058309722,1,
The Clean,0.058128611,1,
Variety Lab,0.058040556,1,
Generation X,0.058026667,3,
Jon Hopkins,0.057951389,1,
Kuromi,0.057911389,1,
Oberhofer,0.057805833,1,
Midlake,0.057735,1,
Stove,0.057733611,1,
Cardi B,0.057613889,2,
Oklou,0.057540278,1,
Chernikovskaya Hata,0.057533056,1,
Angel Du$t,0.057521667,1,
Gengahr,0.057488889,1,
YMCK,0.057479167,1,
MC Magic,0.057407222,1,
Vendredi sur Mer,0.057373889,1,
Aluna,0.057335,1,
Macross 82-99,0.057333333,1,
Spendtime Palace,0.057322222,1,
GASS,0.057314444,1,
Pontus De Bjorn,0.057291667,1,
Lil Noid,0.057215833,1,
Half Waif,0.057196389,1,
Thibault Cauvin,0.057181389,1,
OFB,0.057156389,1,
TEMPOREX,0.057113889,1,
Malci,0.057068611,1,
Camp Lo,0.056997222,1,
Ky Vöss,0.056964444,1,
Ratboys,0.056858889,1,
Rikk Agnew,0.056781111,1,
Eyas,0.056666667,1,
Bratmobile,0.056346944,1,
Black Pistol Fire,0.056296389,3,
Yui,0.056238333,1,
Billy Lemos,0.056205278,1,
Paul Epworth,0.056018333,1,
Jonah Yano,0.055901667,1,
Edgar De Vries,0.055867778,1,
Matt Sweeney,0.055836944,1,
Pap Chanel,0.055754444,1,
Senyaka,0.055507222,1,
Reverend Baron,0.055320556,1,
S.Maharba,0.055246111,1,
Thee Michelle Gun Elephant,0.055170278,1,
Bigi,0.055125556,1,
NEIL FRANCES,0.055084722,1,
Echo Ladies,0.055005278,1,
Kwe$t,0.054918333,1,
Motifv,0.0548975,1,
Louis Cole,0.054879722,5,
Love,0.054798333,1,
Moy-Lo,0.054676389,1,
Phi11a,0.054675833,1,
Gogol Bordello,0.054646111,6,
Sungazer,0.054638889,1,
Jacko,0.054629444,1,
Little Dragon,0.05458,1,
O Terno,0.054564167,1,
Grouplove,0.054451667,1,
Waxahatchee,0.054333333,1,
Hot Snakes,0.054318333,1,
Slump AK,0.05427,1,
REASON,0.054084722,1,
Sevish,0.05407,1,
Dark Time Sunshine,0.054022222,1,
Guilliaume Om,0.053958333,1,
Meat Puppets,0.053893056,6,
"Now, Now",0.053881389,1,
Static-X,0.053818333,4,
Deko,0.053766667,1,
The Bug,0.053724722,2,
Zubin,0.0536925,2,
Jeff Mangum,0.053614444,1,
Friend Roulette,0.053562778,1,
Richard Dawson,0.053470556,4,
Riverside,0.053446389,1,
Sen Morimoto,0.053423889,1,
Soli,0.053418333,1,
Kevin Morby,0.053346944,1,
Electrelane,0.053340556,1,
King Princess,0.053135,1,
Jonathan Palmer,0.053056944,1,
Chris Donner,0.053055556,1,
Yikii,0.053055556,1,
Akane,0.052954167,1,
Chris Cornell,0.052929444,8,
REXX,0.052921944,1,
boyband,0.052833889,2,
Headie One,0.052831389,1,
Marcy Playground,0.052786389,1,
Pansy,0.052769722,1,
Saetia,0.052696111,1,
Crazy Eyes,0.052622222,5,
Dead Boys,0.0525925,1,
Nurse With Wound,0.052589444,4,
83HADES,0.052490556,1,
Nails,0.052485833,5,
DJ Rozwell,0.052441944,5,
Stine Janvin,0.052402778,1,
Jenny Lange,0.052395556,1,
Control Top,0.052358889,1,
Violens,0.052336944,1,
Claud,0.052249167,1,
DaBaby,0.052248611,1,
Zheani,0.052173333,1,
Kongo Boy,0.052157778,1,
lil ricefield,0.052121111,1,
Pure X,0.052096944,1,
Tasman Keith,0.052062778,1,
Jelani Aryeh,0.052059722,1,
Diablo,0.051909444,1,
Goldfinger,0.051396111,1,
Cake,0.051219167,5,
Benjamin Walter Stevens,0.051180556,1,
Freaky DJs,0.051130278,1,
Narrow Head,0.051118611,1,
Lil Baby,0.050984722,1,
Strange Case,0.05077,1,
Joy Meyer-Williams,0.050739722,1,
Mello Music Group,0.050611111,1,
Levek,0.050522222,1,
Wiz Khalifa,0.050511944,3,
The Younger Lovers,0.0504025,2,
A Boogie Wit da Hoodie,0.050259722,2,
Modulogeek,0.050243889,1,
8percent,0.050183889,1,
Sweeping Promises,0.0501625,1,
BVDLVD,0.050162222,1,
Quadry,0.050151111,1,
The Offspring,0.050044444,4,
Star Slinger,0.050017222,2,
Villa Juares,0.050009722,1,
blair,0.05,1,
New Candys,0.049866667,1,
surrenderdorothy,0.049825833,1,
Diego Money,0.04982,1,
Wiki,0.049797778,1,
Mixed Matches,0.049765833,1,
Infinity Frequencies,0.049748611,1,
Zoé de Vera,0.049746111,1,
Plastic Girl In Closet,0.0497,1,
Dreamgirl,0.049693889,1,
Jacob LaVallee,0.049607222,1,
The Orion Experience,0.049598333,1,
The Durutti Column,0.049522222,1,
The Legendary Tigerman,0.049343889,1,
Mason,0.049320833,1,
Nico Swim,0.049286389,1,
tropes,0.049228056,1,
Satanicpornocultshop,0.049222222,1,
GoldLink,0.049083889,1,
El-P,0.049043056,4,
The Afghan Whigs,0.048968611,1,
Orange Juice,0.048940278,1,
Scratch Acid,0.048902778,4,
Hether,0.048888889,1,
Harry Styles,0.048868611,2,
MrHeadA$$Trendy,0.048845556,1,
Fucking Werewolf Asso,0.04883,1,
MizOrMac,0.048798611,1,
Super Lunch,0.048743611,1,
Hannibal Buress,0.048717778,1,
kiLLa Laharl,0.048574444,1,
Saipher Soze,0.048487222,1,
Cody Ash,0.048474444,1,
DJ Scheme,0.048441667,1,
Benjamin Waldmann,0.048431667,1,
Kobra,0.048405556,1,
Micachu & The Shapes,0.048368056,1,
Arab Strap,0.048366667,1,
Ceramic Hello,0.0483175,1,
Pi’erre Bourne,0.048281944,1,
Mike Krol,0.048191111,1,
COIN,0.048144444,1,
Belle & Sebastian,0.048009167,1,
Offset,0.048,3,
Petite League,0.047833056,1,
White Denim,0.047807222,2,
Frode,0.047705278,1,
KiD Blitz,0.047687778,1,
Lebanon Hanover,0.047666389,1,
TORRES,0.047566667,1,
Clarence Öfwerman,0.0475,1,
Mugen! the Human,0.047484722,1,
Cende,0.047384722,1,
BBY GOYARD,0.0473825,1,
Sylvia McArther,0.047175,1,
Ohio Players,0.047067222,1,
SWMRS,0.046962778,1,
Fade 'Em All,0.046925,1,
Kid Indigo,0.046888611,1,
Nerve City,0.046814444,1,
Professor Caveman,0.046762222,1,
Leyland Rogers,0.046748611,1,
Hailu Mergia,0.046719167,1,
Captain Beefheart,0.046469444,5,
The Walters,0.046404444,2,
La Lenguas,0.046314167,1,
Hoverchild,0.046275833,1,
Emily Yacina,0.046273611,1,
Volcano Choir,0.046204167,1,
Carissa's Wierd,0.046181667,1,
Bryan Zingerman,0.046129444,1,
Winter,0.046098889,1,
The Pharcyde,0.046069722,5,
Big Business,0.046062778,1,
Jack T Wotton and The Wünderz,0.045971389,1,
vverevvolf,0.045859722,1,
SEBii,0.045854167,1,
Tomberlin,0.045748333,1,
Kate Bollinger,0.045688889,1,
Plasmalab,0.045672778,1,
Smerz,0.0455925,1,
Damien Jeunet,0.045583333,1,
Black Flag,0.045485833,7,
The Zombies,0.045481389,6,
Arizona Zervas,0.045454444,1,
SwamiMillion,0.045439722,1,
Chloe x Halle,0.04539,1,
Mercy Necromancy,0.045374167,1,
JKER,0.045264722,1,
Marcos Betancourt,0.045238056,1,
Felix Gardner,0.045203889,1,
The Triumphs,0.045111111,1,
Guap Tarantino,0.0451025,1,
Grand Jaguar,0.0450725,1,
Yung Simmie,0.044959444,1,
Pissed Jeans,0.044873889,3,
Snowing,0.0448625,3,
Good Morning,0.044843611,2,
Mekons,0.044711111,2,
Badfinger,0.044696111,1,
Keith Ape,0.044634167,3,
Jadasea,0.044565556,1,
Da Rick,0.044543611,1,
Clara Luciani,0.044477778,1,
William Cas,0.044469444,1,
Daddy Issues,0.044308056,1,
Seether,0.044222778,4,
The United States Of America,0.044211111,4,
Julian Borrego,0.044143611,1,
babyloot,0.044090833,1,
Roy Blair,0.043969444,1,
Igor Krutogolov's Karate Band,0.043781389,1,
Domenik Kalinsky,0.043773333,1,
Marc Russo,0.043706111,1,
The End of Electronics,0.043701667,1,
CZARFACE,0.043583056,1,
Nicki Minaj,0.043578056,3,
Jay Money,0.0435075,1,
Navy Blue,0.043415278,1,
Soft Powers,0.043387778,1,
Wheavy,0.043386111,3,
Been Stellar,0.043381944,1,
Duffle Bag Buru,0.043370278,1,
Larry Marshall,0.043333333,1,
Juliusz Borkowska,0.043263889,1,
MAKAVELIGODD,0.043217778,1,
Deaton Chris Anthony,0.043206944,1,
KEY!,0.043152778,1,
AUDREY NUNA,0.0429925,1,
HERO,0.042982222,1,
Abel Laloux,0.042951111,1,
Sneaks,0.042898611,1,
Trueking,0.0428025,1,
Drive Like Jehu,0.042698611,4,
Kamggarn,0.042611667,1,
Still Woozy,0.042608611,3,
Luge,0.042580556,1,
The Grifters,0.042524722,1,
PFFR,0.042316111,1,
ESPRIT ??,0.0422875,3,
The Black Tambourines,0.042210278,1,
Massimo Corciani,0.042206667,1,
The Fall,0.042121111,1,
Stef Chura,0.042098889,1,
Litku Klemetti,0.041986111,1,
MC5,0.041931111,1,
Leonore Baldwin,0.041909444,1,
The Underground Youth,0.041898889,1,
Raukar,0.041743889,1,
Subtext,0.041632778,1,
Ashnikko,0.04162,1,
Guitar Wolf,0.041573889,1,
Lilcockpump,0.041550278,1,
Pearly Drops,0.041531389,1,
Leslie Miles,0.041388889,1,
Tyga,0.041305,1,
Doris Casella,0.041296111,1,
Rita Alezae,0.041245833,1,
TENDAYS,0.041219722,1,
Federico Squassabia,0.041207778,1,
Cold Cave,0.041130556,1,
Booka Shade,0.0410475,1,
StaySolidRocky,0.04102,1,
Diet Cig,0.0409725,1,
My Chemical Romance,0.040939444,2,
Sweatcult,0.0409375,1,
Ronny J,0.040933333,1,
Tayk,0.0407475,5,
Wallows,0.040654444,1,
Pink Floyd,0.040644722,7,
Lloyd Banks,0.040638611,1,
SALEM,0.040635278,1,
Girls At Our Best!,0.040581389,1,
Ryuichi Sakamoto,0.040486389,1,
Dumbo Gets Mad,0.040428333,1,
The Controversial New Skinny Pill,0.040414722,1,
Shipping News,0.040393056,1,
Novum Cordis,0.040364722,1,
The Lemon Twigs,0.040299444,1,
Lord Gasp,0.040166667,1,
Single Mothers,0.040098889,1,
Michael Kiwanuka,0.040055556,1,
Bowling For Soup,0.040021944,1,
Roman Melass,0.039968333,1,
Pretty Girls Make Graves,0.039850833,1,
Bug Mane,0.039823889,1,
rum.gold,0.039764167,1,
The Clientele,0.039733889,1,
Mindflayer,0.039707222,1,
Sooky,0.039698333,1,
Emalia,0.039662222,1,
Ria Blackburn,0.039652778,1,
DJ Konnichiwa,0.039466944,1,
Briston Maroney,0.039356389,1,
Bernache,0.039286667,1,
Tony Casanova,0.039253333,1,
atm,0.039215556,1,
Donald Kutcher,0.039166667,1,
Makala,0.038888889,1,
Mndsgn,0.038874722,1,
Taylor Swift,0.038626111,2,
Burgos,0.038615,1,
Hayden Cargile,0.038541667,1,
Males,0.038496111,1,
µ-Ziq,0.038398889,1,
JOBS,0.038394444,1,
Felix Lush,0.038325556,1,
Dexter Mills,0.038324444,1,
Horse Lords,0.038316944,1,
The Modern Lovers,0.038211667,1,
Alice Longyu Gao,0.038173889,1,
Jim-E Stack,0.038081111,1,
Toytown,0.038015556,1,
Kemba,0.037922222,1,
Stems,0.037815556,1,
Ruth,0.037792222,1,
Miserable,0.037771111,1,
austenyo,0.037731667,1,
Weedeater,0.037425833,1,
Fred again..,0.0373575,1,
Mia Gutierrez,0.037308611,1,
Trash Talk,0.037290556,1,
Mauro Cangemi,0.037282222,1,
Archers Of Loaf,0.037266944,3,
Myles Mackay,0.037013889,1,
Katie Dey,0.036933333,1,
Ivalu Karlsen,0.036875,1,
Lord Simmy,0.036748056,1,
ssgkobe,0.03672,1,
Sean Oban,0.036666667,1,
645AR,0.036569444,1,
Zaia,0.036429444,1,
Makthaverskan,0.036329444,1,
Best Coast,0.036230278,1,
The Smoking Trees,0.03621,1,
Jonas Gewald,0.036189444,1,
Amadeo Rossi,0.036154444,1,
Ana Roxanne,0.036139167,1,
54 Nude Honeys,0.036081389,1,
Uranium Club,0.036051944,1,
TWENTYTHREE,0.035943611,1,
Dominic Fike,0.035923889,1,
Nyck Caution,0.035918333,1,
Mustard Service,0.035841389,1,
Blood Red Shoes,0.035756944,1,
Great Dane,0.035753333,1,
Viana,0.035584167,1,
Lô Borges,0.035555556,1,
Jawsh 685,0.035368611,1,
G.L.O.S.S.,0.035306944,1,
The Simps,0.035277778,1,
Tom Stannard,0.035256389,1,
Lucy,0.035209444,1,
Whitewoods ,0.035208333,1,
Ghost Culture,0.035113611,1,
Jackal Onasis,0.035075,1,
10K Ray,0.034880556,1,
Hüsker Dü,0.034728056,5,
Elvis Depressedly,0.034697222,3,
Jef Martens,0.034548611,1,
Norman Dück,0.034509722,1,
Minor Threat,0.034411111,3,
Balance And Composure,0.034188611,1,
Frano Stani?,0.034106944,1,
Seekae,0.0339925,1,
Hugo Reilly,0.033958333,1,
Letoa,0.033904167,1,
Widowspeak,0.033876667,1,
Votaries,0.033875,1,
On Pink,0.033861944,1,
Kills Birds,0.033791389,1,
Ever So Blue,0.033728611,1,
min.a,0.033636389,1,
Wynne,0.033617222,1,
Eric Cadogan,0.033611111,1,
Montero,0.033591111,1,
Crack Cloud,0.033481667,1,
Yellowcard,0.033339722,3,
Angelica Garcia,0.033315278,1,
Fouad Elalamy,0.033303889,1,
Depeche Mode,0.033275278,6,
The Monkees,0.033272778,1,
Tuga Topi?,0.033246389,1,
Ritualz,0.033061389,1,
Arelius,0.033055556,1,
Comethazine,0.0329275,1,
Martha Kestner,0.032916667,1,
The Burials,0.032804167,1,
OHGEESY,0.0327075,1,
Kevin Aviance,0.032625,1,
Jack Harlow,0.032396389,1,
grandson,0.032275556,1,
Gang Gang Dance,0.032199167,1,
Toys That Kill,0.032162778,1,
The White Stripes,0.032143889,3,
GUM,0.032099444,1,
Peso Peso,0.0320125,1,
My Morning Jacket,0.031946389,1,
dandelion hands,0.031798889,1,
D.A.N.,0.031792778,1,
Saccharine Trust,0.031759722,1,
Spurv,0.031727222,1,
Evilmane,0.0316575,1,
Honeyblood,0.031520556,1,
Spookey Ruben,0.031495833,1,
trayer tryon,0.031464722,1,
Faux Real,0.031456111,1,
Nipsey Hussle,0.031454444,3,
Wooden Shjips,0.031373889,1,
The Blasting Company,0.031229444,1,
Sun City Girls,0.031110278,1,
SBTRKT,0.031064167,1,
Young A6,0.030923889,1,
Big Bite,0.030863056,1,
Boys Age,0.030856389,1,
SEATBELTS,0.030695278,1,
Too Free,0.030684167,1,
Nürnberg,0.030642778,1,
Fioretta Rizzo,0.030565278,1,
Green Day,0.03034,3,
Ed Schrader's Music Beat,0.030244167,1,
Nas,0.030098333,4,
Penelope Isles,0.0300875,1,
sundiver ca,0.030053056,1,
pyrro!,0.029967222,1,
The Knife,0.029953611,1,
Tigran Hamasyan,0.029779722,1,
Gina X Performance,0.029547222,1,
Minimal Man,0.029501111,1,
Billy Changer,0.029402222,1,
Mutators,0.029391944,1,
Kim Gordon,0.029254444,4,
Matt Berninger,0.029055278,1,
Da Menace,0.029035,1,
Christopher Hari,0.028994444,1,
Sextile,0.028935,1,
Rodan,0.028813889,3,
Landspeed,0.028627778,1,
Spacemen 3,0.028527222,1,
You Love Her Coz She's Dead,0.028508889,1,
Pen Pals,0.028507222,1,
Jesse Draxler,0.028424722,1,
Morning Hands,0.028424722,1,
Sun Ra,0.028318056,1,
Carrying Ghosts,0.028308889,1,
Randy Oppenheim,0.028291389,1,
Tamia,0.028273611,1,
Shakz,0.028269444,1,
Fumaça Preta,0.028264444,1,
King Missile,0.028198889,1,
Wicca Phase Springs Eternal,0.028146667,1,
White Lung,0.028029444,1,
Chester Watson,0.028008056,1,
Digga D,0.027988611,1,
Orlando Gloom,0.027922778,1,
MAVI,0.027917778,1,
emamouse,0.027644444,1,
The Alchemist,0.0274825,1,
nocloud,0.027350278,1,
Mariah Carey,0.027289444,1,
eery,0.026997778,1,
Lily Chou-Chou,0.026985,1,
meat computer,0.026791667,1,
The Coathangers,0.026714722,1,
MoNa a.k.a Sad Girl,0.02669,1,
reggie,0.026666667,1,
MINMI,0.026641944,1,
Mukimukimanmansu,0.0265925,1,
The Babies,0.026527778,1,
The Human League,0.026496389,1,
Wolfmother,0.026446111,3,
Beulah,0.026411667,1,
Wilma Vritra,0.026405833,1,
Gee Tee,0.026368889,1,
Snowy Red,0.026127222,1,
Sus,0.026122222,1,
Delroy Edwards,0.026110833,1,
Parcels,0.026028889,1,
Khine Htoo,0.025984444,1,
Uboa,0.025956944,1,
Carla Morrison,0.025941667,1,
Fleshwater,0.025871944,1,
Jens Lekman,0.025786111,1,
Japandroids,0.025635833,1,
Arcadia Grey,0.02561,1,
Atoms For Peace,0.025456667,5,
Millencolin,0.025328889,1,
Erica Banks,0.025271667,1,
Yeek,0.025268333,1,
Jon Benjamin - Jazz Daredevil,0.025249444,1,
Carnage,0.025232222,1,
San Charbel,0.025222778,1,
nascar aloe,0.025165,1,
Drive45,0.025070833,1,
Unrecovery,0.024915556,1,
7xvn,0.024903611,1,
Crowded House,0.024805833,1,
ACTORS,0.024795556,1,
Whethan,0.024442222,1,
Jasper Lotti,0.024400278,1,
Eating Out,0.024391111,1,
Krisma,0.024335278,1,
Taylor Driskell,0.024253333,1,
Sylvan Esso,0.02416,1,
Viper,0.024002222,1,
Peel Dream Magazine,0.023838889,1,
Healing Potpourri,0.023810278,1,
The Armed,0.023768056,1,
Mason Lindroth,0.023613333,1,
Vndervvhelmer,0.023600278,1,
R. Stevie Moore,0.023596944,1,
Vs Colour,0.023471667,1,
D33J,0.023419722,1,
Nilüfer Yanya,0.023351111,1,
Apparat,0.023272222,1,
Melanie Faye,0.023135833,1,
Taeko Onuki,0.023109167,1,
All Them Witches,0.023041389,1,
438 Tok,0.022968889,1,
Alain Johannes,0.022954722,1,
Foxing,0.02287,1,
-M-,0.022786111,1,
Senses Fail,0.022763333,4,
Denise Santoz,0.022619444,1,
Jasiah,0.022594167,1,
Travis Bretzer,0.022592778,1,
Harmless,0.022538889,1,
AL-90,0.0224975,1,
Daisy Chainsaw,0.022488889,1,
Ty Seagull,0.022465,5,
Glockabelle,0.02243,1,
La Luz,0.022312222,1,
Ólafur Arnalds,0.022107222,1,
ANMLPLNET,0.022025833,1,
Standing On The Corner,0.022004722,1,
D-Real [?],0.021991111,1,
William Doyle,0.021962778,1,
Yokosawa Shunichiro,0.021909167,1,
Barbagallo,0.021807222,1,
Sisters of Mercy,0.02173,1,
Scott Lavene,0.021523333,1,
Anetha,0.021484167,1,
Joywave,0.021083056,3,
Kaiser Chiefs,0.020817778,3,
3TEETH,0.020801111,1,
Luna,0.020766111,1,
Boothe,0.020751389,1,
C.C.T.V.,0.020704444,1,
Davis the Dorchester Bully,0.020661389,1,
Mr.Tree,0.020601111,1,
Vinyl Williams,0.020536667,1,
Staccato Du Mal,0.020459167,1,
White Magic,0.020323889,1,
Bickle,0.020310556,1,
Trampolene,0.020246389,1,
Tubeway Army,0.020201111,1,
Rush Garcia,0.020098056,1,
Grapetooth,0.020066944,1,
Herrick & Hooley,0.02,1,
Kriss Toph,0.0199175,1,
Gezebelle Gaburgably,0.019885278,1,
Tera Melos,0.019828889,1,
Speedy Ortiz,0.019813611,5,
Jam 'n' Slate,0.019743333,1,
Death Of Lovers,0.019711111,1,
Cobra Killer,0.019646389,1,
Spooky Mansion,0.019614167,1,
Caetano Veloso,0.0195875,1,
Christian Death,0.019556944,1,
SHADI,0.019543056,1,
Nick Cave & The Bad Seeds,0.0195025,4,
Grizfolk,0.019418889,1,
Chloe Frances,0.019375278,1,
Quiet Banana,0.019253889,1,
Akira Yamaoka,0.019093056,1,
Octavian,0.019056944,1,
Band of Horses,0.019033889,1,
Bosphore,0.018988889,1,
S.AL,0.018958333,1,
Ramones,0.0189075,4,
Hook,0.018904722,1,
Marc Rebillet,0.018806389,4,
DANGERDOOM,0.018788611,1,
David Byrne,0.018640833,4,
Archy Marshall,0.0186,5,
DJ Warlord,0.018551667,1,
Jordon Alexander,0.018508333,1,
Bladee & 16yrold,0.018200833,1,
Lawrence Rothman,0.018001667,1,
Sleepy Hallow,0.017911389,1,
La Roux,0.017873611,1,
Craw,0.017868333,3,
Sean Nicholas Savage,0.017859722,1,
Parasol,0.017832222,3,
The Prodigy,0.017808056,5,
Gwen Stefani,0.017801944,3,
Cottonwood Firing Squad,0.017791389,1,
Aperture Science Psychoacoustic Laboratories,0.017769167,1,
Oathbreaker,0.017623056,1,
American Pleasure Club,0.017548333,1,
Bruno Mars,0.017516667,3,
The Comet Is Coming,0.017495278,1,
Skeeter Davis,0.017485833,1,
Death Lens,0.017485278,1,
Musique Chienne,0.017259722,1,
Tunnelvision,0.0171375,1,
Snake River Conspiracy,0.017098889,1,
Whitearmor,0.017034167,1,
Slime Dollaz,0.016931111,1,
ize,0.016835278,1,
Isaiah Rashad,0.016660278,1,
Donzii,0.016640833,1,
Scary Goldings,0.016640833,1,
Patrick Sweany,0.016588333,1,
Autechre,0.0165375,1,
Emancipator,0.016338056,1,
Birdman,0.016284167,1,
ABBA,0.016266111,6,
Rlive,0.016241667,1,
Insane Goblin,0.016220556,1,
Duke,0.016208611,1,
Current 93,0.016132222,1,
Gio Genesis,0.016118333,1,
Joanna Sternberg,0.016115556,1,
Knxwledge,0.016010833,1,
Kyo Itachi,0.015705556,1,
Billy Uomo,0.015679167,1,
Cat Power,0.015623611,1,
Greet Death,0.01554,1,
Ogbert the Nerd,0.015491944,1,
LustSickPuppy,0.015476667,1,
Vida,0.015298889,1,
NLE Choppa,0.015253889,3,
Spongebob Squarepants,0.015250556,1,
Rico Nasty,0.015223611,3,
Matty,0.015216667,1,
NoCap,0.015065,1,
Catherine Jauniaux,0.015054444,1,
Speedy J,0.015041111,1,
DeVotchKa,0.014933333,1,
Tommy Cash,0.014917222,1,
Eden Ahbez,0.014917222,1,
League of Legends,0.014742778,1,
Metro Station,0.014737778,1,
Electric Youth,0.014731389,1,
eevee,0.014583056,1,
Janelle Monáe,0.01448,3,
Famous Dex,0.014454167,1,
Myd,0.014366389,1,
Lil Gnar,0.014361111,1,
Fivio Foreign,0.014355556,1,
Serena Isioma,0.014318889,1,
Sébastien Tellier,0.014311389,1,
Yasuaki Shimizu,0.0141,1,
Wifisfuneral,0.01402,3,
Liz Phair,0.013693056,1,
Agfgdhks,0.013680278,1,
Official TS,0.013557778,1,
LIL PEPTOMAN,0.013544167,1,
Cartier God,0.013474722,1,
Vulfpeck,0.013456944,1,
Man Made Hill,0.013441111,1,
4B,0.013356944,1,
Moss Icon,0.01327,1,
Low,0.013226111,1,
Deradoorian,0.013217778,1,
Eddy Baker,0.013171667,1,
What Moon Things,0.013144444,1,
John Cale,0.013106111,1,
Moderne,0.012976944,1,
Sheck Wes,0.0129575,3,
Sporting Life,0.012892778,1,
Bleib Modern,0.012886944,1,
KAZU,0.012878056,1,
Polyphia,0.012777222,1,
Shelley FKA DRAM,0.012712778,1,
Margot & The Nuclear So And So's,0.012580556,1,
Six Finger Satellite,0.012498611,1,
Matoma,0.012454167,1,
Tony Seltzer,0.012414167,1,
Oddly Shrugs,0.012322222,1,
Taylor McFerrin,0.012306111,1,
Spillage Village,0.012129167,1,
The Blackout,0.012111389,1,
The Legendary Stardust Cowboy,0.012080556,1,
Drab City,0.012070833,1,
Foxygen,0.011891111,3,
Twin Peaks,0.011818889,1,
Prince,0.011783333,1,
Naeem,0.011758056,1,
Yellow Days,0.011747778,1,
Versus,0.011747778,1,
Nina Hagen,0.011722222,1,
Tortoise,0.011676389,1,
Sex Bob-Omb,0.011603333,3,
Spazzkid,0.0115775,1,
XO_willow?,0.011558333,1,
Thurston Moore,0.011517778,3,
Regret Will Come,0.011495833,1,
Trent Reznor and Atticus Ross,0.011435556,4,
Aguaturbia,0.011391667,1,
The Blunt Force Trauma,0.011363333,1,
The Raincoats,0.011338889,1,
Medslaus,0.011304444,1,
Alice Deejay,0.011264722,3,
Institute,0.011245278,1,
Mustafa,0.011190556,1,
Maximo Park,0.011158056,1,
Jabee,0.010936111,1,
Doddodo,0.010786944,1,
Horsebeach,0.010716667,1,
Severed Heads,0.010706944,1,
The Music Tapes Present: Songs of the Orbiting Human Circus,0.010671389,1,
Slater,0.010671389,1,
? ??? ?? ??? ? ???,0.010661667,1,
Der Zyklus,0.010556111,1,
Jadu Jadu,0.010461389,1,
Kllo,0.010442222,1,
Jasper Byrne,0.010430556,1,
Creedence Clearwater Revival,0.010335833,6,
Mommy Long Legs,0.010274722,1,
Coconuts,0.010248889,1,
SpotemGottem,0.010241389,1,
Belly Belt,0.010139167,1,
Islands,0.010113333,1,
C Al Cuadrado,0.009938333,1,
No Jumper,0.009905556,1,
Nathan Winkles,0.009867222,1,
The Mothers Of Invention,0.009810278,1,
Starchild & The New Romantic,0.009783611,1,
Tora-i,0.009756389,1,
Leiden,0.009726389,1,
texlo,0.009718333,1,
03 Greedo,0.009669722,1,
Killer Mike,0.009661667,3,
Buni,0.009616667,1,
Z.Z. Hill,0.009513611,1,
Trophy Eyes,0.009494444,1,
POORSTACY,0.009455556,1,
KxR,0.009380556,1,
Brainbombs,0.009339444,1,
Pabllo Vittar,0.009268611,1,
New Fumes,0.009160556,1,
Bob Odenkirk,0.009155278,1,
Julia Holter,0.009093056,1,
Black Lips,0.009037778,1,
Toadies,0.009033056,1,
Hoops,0.009026667,1,
CamelPhat,0.009026111,1,
Internet Money,0.008811944,1,
Lanark Artefax,0.008739722,1,
LOSTBOYEVSKY,0.008732778,1,
Nathan Fake,0.008462222,1,
Roddy Ricch,0.008422778,1,
Gruntruck,0.0083075,1,
Mindless Self Indulgence,0.008291389,1,
Duckwrth,0.0081475,1,
Sense,0.008130278,1,
Lael Neale,0.008102222,1,
Aly & AJ,0.008056667,1,
The New Pornographers,0.008011944,1,
Skylar Spence,0.007985833,1,
The Cowmen,0.007936111,1,
Silk Toad,0.007926667,1,
Sjellos,0.007881667,1,
TINY HAWKS,0.007829722,1,
Ben Pearce,0.007817222,1,
Frazey Ford,0.007791667,1,
Hymie's Basement,0.007786389,1,
BUDAYA,0.007744722,1,
Larry and His Flask,0.007715556,1,
James Vincent McMorrow,0.007664444,1,
MAMA,0.007628889,1,
Mass Gothic,0.007556944,1,
Powerman 5000,0.007539444,3,
Blue October,0.007496389,1,
Lucky Daye,0.007474167,1,
Igorrr,0.007430278,1,
Everclear,0.007391389,1,
Spellling,0.007348333,1,
Rinse & Repeat,0.007305833,1,
Dusty Springfield,0.007261111,1,
"Green Eyes, Witch Hands",0.007217222,1,
Mac Miller,0.007137778,4,
Tim and Eric,0.007122778,1,
Killer Dash,0.0070175,1,
Blueface,0.007005556,1,
Kara-Lis Coverdale,0.0069525,1,
Liturgy,0.006938611,1,
Tyvek,0.006901389,1,
Dawn of Midi,0.006897222,1,
Brazilian Girls,0.006880556,1,
Levox,0.006844722,1,
Ugly Casanova,0.006844167,1,
The Cramps,0.006836667,1,
Dreamcrusher,0.006794444,1,
TOOL,0.006772222,1,
The National,0.006758889,1,
Jakob,0.006758889,1,
Tsegue-Maryam Guebrou,0.006699444,1,
Brothertiger,0.006656111,1,
Duke & Jones,0.006631667,1,
Migos,0.006623889,1,
Secrets,0.0066175,1,
The Equatics,0.006571111,1,
Al Green,0.006538889,1,
Chicano Batman,0.006515,1,
Lambchop,0.006511111,1,
The Pack a.d.,0.006473611,1,
VINÍ,0.006456389,1,
Envante,0.006446667,1,
The Shins,0.006396389,1,
RichaadEB,0.006391667,1,
Marie Davidson,0.006162778,1,
beige monk,0.006115,1,
Dave,0.006108056,1,
Twenty One Pilots,0.006103611,3,
Mega Drive,0.006091667,1,
Menomena,0.006075278,1,
Glitterer,0.006048333,1,
SASSY 009,0.006046111,1,
Röyksopp,0.006016944,1,
Digdat flame,0.005994722,1,
The Ain't Rights,0.005927222,1,
Shy Glizzy,0.005918889,1,
Visceralty,0.005908056,1,
Flasher,0.005892222,1,
Alicia Keys,0.005833889,3,
Lone,0.005788056,1,
Steezy Kalliseni,0.005724167,1,
Trapt,0.005682222,1,
Tune-Yards,0.005617778,1,
Project Pat,0.005494444,4,
Julien Chang,0.005482222,1,
Imagine Drowning,0.005379167,1,
Townes Van Zandt,0.005329167,1,
Primal Scream,0.005321111,1,
JJ Sterry,0.005314722,1,
Brooke Candy,0.005251944,1,
Method Man,0.005229722,1,
An Autumn for Crippled Children,0.005172778,1,
Caustic Resin,0.005083333,1,
Naeleck,0.005081944,1,
NPR News Now,0.005064722,1,
College,0.005024444,1,
Beverly Tender,0.005012778,1,
The Evens,0.004955278,1,
Mitch Murder,0.004927222,1,
FaltyDL,0.004914722,1,
Kamilita,0.004895278,1,
RuPaul,0.004837222,1,
Samiyam,0.0047725,1,
Lazerhawk,0.004771944,1,
Rodes Rollins,0.0047525,1,
Tommy Genesis,0.004711944,1,
Dashboard Confessional,0.004669167,1,
Ava Max,0.004656667,1,
Comrade Speedy,0.004650278,1,
Witchouse 40k,0.004631111,1,
DIVINE,0.004598611,1,
Sun Organ,0.004579167,1,
The Vaccines,0.004578889,1,
Yung Mal,0.004550833,1,
Fire-Toolz,0.004548056,1,
Kirin J Callinan,0.004493333,1,
Ming Flute Ensemble,0.004483333,1,
William Brittelle,0.004476111,1,
Lianne La Havas,0.004472778,1,
Jets To Brazil,0.004460833,1,
DJ Sabrina The Teenage DJ,0.004431944,1,
Geek Music,0.0044,1,
N0V3L,0.004321667,1,
Legs On Earth,0.004306667,1,
Space Heater,0.004278333,1,
Dax,0.004275,1,
Wolfgang Amadeus Mozart,0.004274722,1,
Between Minds,0.004263333,1,
Tpl,0.004263333,1,
Ludacris,0.004254722,1,
Soft Hair,0.004225,1,
Duran Duran,0.004223611,3,
Baby Seals,0.004212778,1,
Kim Oki,0.004184722,1,
Fascinator,0.004141944,1,
Sports Coach,0.004127778,1,
Red Cafe,0.004122222,1,
Travis Porter,0.004118333,1,
Mink Mussel Creek,0.004108333,1,
Good With Parents,0.004095556,1,
Street Sects,0.0040925,1,
MX World,0.004076111,1,
Greenflow,0.004063333,1,
Guantanamo Baywatch,0.004056389,1,
Mt. Joy,0.004043889,1,
fishpaste,0.0040375,1,
Asa-Chang & Junray,0.004019444,1,
Will Paquin,0.004013333,1,
Electric Light Orchestra,0.004008333,1,
Mort Garson,0.003966389,1,
Wholewheat,0.003963889,1,
Taraf de Haidouks,0.003960278,1,
MIMIDEATH,0.0039525,1,
Babyxsosa,0.003947222,1,
Pottery,0.003935,1,
Kehlani,0.003934722,1,
Sex,0.0038825,1,
Weston Allen,0.003828333,1,
Don't Stop or We'll Die,0.003813611,1,
CHXPO,0.003811667,1,
The Gun Club,0.003811111,1,
Roy Ayers,0.003805833,1,
Los Pericos,0.003793056,1,
MNI Sound,0.003779444,1,
The Soft Boys,0.003776944,1,
Magic Sword,0.003772778,1,
Rane Shounds,0.003762778,1,
AFI,0.003744444,1,
Kacy Hill,0.003721389,1,
Linkin Park,0.003715,3,
Dag Nasty,0.003715,1,
Dead Kennedys,0.003675833,3,
Future Of The Left,0.003654167,1,
OXES,0.003598889,1,
Clikatat Ikatowi,0.003586111,1,
Outer Limits Recordings,0.003555556,1,
Only Fire,0.003551111,1,
Correatown,0.003540833,1,
Randomer,0.003540833,1,
DreamWeaver,0.003496111,1,
The Spill Canvas,0.003476389,1,
Delta 5,0.003467222,1,
Elbow,0.003442778,1,
Alexis Marshall,0.003418333,1,
caleb scarberry,0.003413056,1,
Barrington Levy,0.003407222,1,
Negro Galacticus,0.003365833,1,
Shortyo,0.003360278,1,
Asbestos Lead Asbestos,0.003340833,1,
ICECOLDBISHOP,0.003336111,1,
Tracy Bryant,0.003332778,1,
Kid Bloom,0.003302222,1,
Turnover,0.0032825,1,
Ingrid Michaelson,0.003265,1,
Hoyas,0.003246944,1,
Drugdealer,0.003218333,1,
Blue In Green,0.003161111,1,
The Style Council,0.003158611,1,
I Hate Sex,0.0031475,1,
Kas Product,0.003121667,1,
Bent,0.003102222,1,
Young Money,0.003093333,1,
the Quasi-Stellar Radio Show,0.003082778,1,
Elastica,0.003077778,1,
Joey Purp,0.003041944,1,
Kelsey Lu,0.003018333,1,
Au Pairs,0.003005556,1,
GL,0.002986111,1,
Chess Moves,0.002973333,1,
Asking Alexandria,0.002960278,1,
Goat Mumbles,0.002960278,1,
Substantial,0.002955556,1,
Chow Mane,0.002953889,1,
JAWNY,0.002916667,1,
Cypress Hill,0.002915278,3,
$inat,0.002894444,1,
Beast Coast,0.002889444,1,
Songs: Ohia,0.002832778,1,
Bloods & Crips,0.002786389,1,
Birds in Row,0.002779722,1,
galen tipton,0.002779444,1,
Buju Banton,0.002779167,1,
Marching Church,0.002773056,1,
Rex Orange County,0.002760278,1,
The Dead Science,0.002748333,1,
Medio Mutante,0.002741111,1,
Aries,0.002731667,1,
The World Is A Beautiful Place & I Am No Longer Afraid To Die,0.002695833,1,
Jai Wolf,0.002678056,3,
Harvey Milk,0.002654722,3,
Dent May,0.002645,1,
TVAM,0.002630556,1,
Black Tambourine,0.002541111,1,
Billy Joel,0.002526667,3,
Sweet Valley,0.002514444,1,
Kream,0.0025025,1,
N8NOFACE,0.002496111,1,
Soul Glo,0.002496111,1,
Echo & the Bunnymen,0.002491389,4,
Cloakroom,0.002476944,1,
LUCKI,0.002470278,1,
Deante' Hitchcock,0.002465,1,
Tijuana Panthers,0.002438889,1,
Uyama Hiroto,0.002438889,1,
Kowloon,0.002430833,1,
Kota the Friend,0.002429167,1,
Poohula,0.002418611,1,
Sham 69,0.002418611,1,
Waka Flocka Flame,0.002405833,1,
Dave Grohl,0.002392778,3,
Flyleaf,0.002391667,1,
French Montana,0.002366944,1,
Money Max,0.002366944,1,
2 Chainz,0.002360833,1,
Sprain,0.002360556,1,
They Hate Change,0.002358333,1,
Desert Sessions,0.002351667,1,
Fog Lake,0.002347222,1,
The Specials,0.002346667,1,
The Amps,0.002341111,1,
Tom Morello,0.002341111,1,
Okzharp,0.002328333,1,
347aidan,0.002289722,1,
Ramona Falls,0.00227,1,
The Futureheads,0.002239722,1,
Concrete Blonde,0.002239722,1,
Keren Ann,0.002234722,1,
Baden,0.0021925,1,
Thomas Clerk,0.00218,1,
Vollny,0.002173611,1,
Brandon Can't Dance,0.002154167,1,
Cattle Decapitation,0.002147778,1,
Noel Gallagher's High Flying Birds,0.002136111,1,
Allah-Las,0.002134722,1,
Panther Modern,0.002128333,1,
Plustwo,0.002115556,1,
Niandra Lades,0.002115556,1,
KO,0.002115278,1,
Faraquet,0.002105278,1,
Raekwon,0.002096111,1,
The Dining Rooms,0.002089722,1,
Astrel K,0.002083333,1,
Future Islands,0.002073889,1,
Space,0.0020575,1,
Matana Roberts,0.002050833,1,
Kembe X,0.002050833,1,
Christtt,0.002050278,1,
The Soundcarriers,0.002047222,1,
Ministry,0.002025278,1,
Chicks On Speed,0.002025278,1,
Tes X,0.002005833,1,
Saintseneca,0.001999167,1,
Black Eyes,0.001986111,1,
Anna Wise,0.001945,1,
La Unión,0.001941389,1,
Maryze,0.001921944,1,
Jonas Brothers,0.0019,1,
Vampire Weekend,0.001896111,1,
Eleanor Friedberger,0.001883333,1,
The Mountain Goats,0.001866667,1,
Avalon,0.001860556,1,
?????,0.001857222,1,
Box Car Racer,0.00185,3,
Sam Wilkes,0.001844444,1,
Allbrook/Avery,0.001842778,1,
Johnny Thunders,0.001838056,1,
Slow Crush,0.001831667,1,
Guts,0.001819444,1,
De Ambassade,0.001818611,1,
Seeb,0.001789444,1,
awakebutstillinbed,0.001786389,1,
LAUSSE THE CAT,0.001785556,1,
Medhane,0.001783889,1,
Collective Soul,0.001783611,1,
Leonard Cohen,0.00178,1,
Leonel García,0.001777778,1,
BlakkSheepSnagg,0.001766944,1,
All Time Low,0.001754167,1,
Sapphire,0.001744444,1,
NEZ,0.001741944,1,
Gabriel Sayer,0.001736111,1,
The Octopus Project,0.001736111,1,
The Knocks,0.001728333,1,
José González,0.001715556,1,
Seferino,0.001696111,1,
Bilderbuch,0.001693611,1,
Imitating Aeroplanes,0.001683333,1,
Alshawn Martin,0.001676944,1,
Tape,0.001670278,1,
Adam Ant,0.001663889,1,
Q SHY,0.001651111,1,
RiqNasty,0.001631667,1,
CMTEN,0.001623611,1,
Adrian Baker & Roy Morgan,0.001622222,1,
Colin Stetson,0.001611667,1,
YAMANTAKA // SONIC TITAN,0.001603333,1,
Shots of Science Vs,0.001597222,1,
Tragik,0.001588056,1,
Don Toliver,0.001586111,1,
Preservation Hall Jazz Band,0.001577778,1,
Driftless Pony Club,0.0015775,3,
Hala,0.001573611,1,
Motion City Soundtrack,0.001568611,1,
Bronski Beat,0.001567222,1,
Five Star Hotel,0.001564167,1,
Kenndog,0.001554444,1,
yxngxirp,0.0015525,1,
HTRK,0.001541389,1,
Roc Cousteau,0.001515556,1,
DMT Demons,0.001515,1,
Hole,0.0015125,1,
VideoGirl,0.001509167,1,
Moonchild,0.001509167,1,
Big Sean,0.001502222,1,
Loraine James,0.001497222,1,
ICO,0.001483333,1,
Jimmy Eat World,0.001483056,1,
Big Baby Scumbag,0.001481389,1,
Guitar Fight from Fooly Cooly,0.001476944,1,
Lil Xan,0.001463889,1,
Kygo,0.001463889,1,
Dirty Beaches,0.001463889,1,
Alice et Moi,0.0014575,1,
Half Man Half Biscuit,0.001451667,1,
Purple Pilgrims,0.001444444,1,
The Besnard Lakes,0.001438056,1,
Azealia Banks,0.001430556,1,
The C90s,0.001428056,1,
The Sea and Cake,0.001425278,1,
Zzztan,0.001425,1,
Fat Jon,0.001422222,1,
Witch House,0.001416667,1,
Noah Fried Is Sneaky,0.001416111,1,
Yoni & Geti,0.001404167,1,
salyu × salyu,0.0014,1,
Young Scooter,0.001399444,1,
Clap Your Hands Say Yeah,0.001394444,1,
Vertical Horizon,0.001386667,1,
Amerie,0.001373611,1,
Boise Cover Band,0.001373611,1,
Rocket Juice & The Moon,0.001367222,1,
Black Noi$e,0.001367222,1,
D. Savage,0.001367222,1,
Pillow Queens,0.001362778,1,
Pouya,0.001354444,1,
Näd Mika,0.001354444,1,
Nate Smith,0.001341389,1,
Khalid,0.001327222,1,
Ludwig van Beethoven,0.001315556,3,
Hammerhead,0.001309167,1,
Eggstone,0.001302778,1,
Heaven 17,0.001296389,1,
Alan Hawkshaw,0.001296389,1,
Simon Jeffes,0.001283333,1,
Lantlôs,0.001283333,1,
Daði Freyr,0.001271111,1,
Second Still,0.001270556,1,
SahBabii,0.001263889,1,
???? ? ????????????,0.001251111,1,
C.Kostra,0.001244167,1,
BABYNYMPH,0.001225278,1,
Ocho,0.001216667,1,
Last Exit,0.0012125,1,
Edwyn Collins,0.001202778,1,
Madeline Kenney,0.001199444,1,
Nídia,0.001199444,1,
The Libertines,0.001196944,1,
Zedd,0.001196944,1,
Kenny Lynch,0.001194444,1,
Rise Against,0.001193056,1,
Finesse God Wopp,0.001191111,1,
Jawbox,0.001190833,1,
Tiny Little Houses,0.001186389,1,
Cattle,0.001183056,1,
Florist,0.001161111,1,
Soft Kill,0.001155556,1,
Phony Ppl,0.001141389,1,
Black Honey,0.001138889,1,
NFE Gee,0.001133333,1,
The Used,0.001130278,1,
Benny Smiles,0.001128611,1,
Nay Nay The Rebel,0.001122222,1,
Taking Back Sunday,0.001120278,1,
a-ha,0.001115833,1,
Blac Rabbit,0.001113889,1,
Wido,0.001111111,1,
Blazo,0.001105556,1,
Brant Bjork,0.001101944,1,
Phantogram,0.001096111,1,
Our Lady Peace,0.001089722,1,
Gardens & Villa,0.001083333,1,
Lou From Paradise,0.001076944,1,
Tomahawk,0.0010725,1,
Los Angeles De Charly,0.001066667,1,
The Dillinger Escape Plan,0.001064167,1,
Actress,0.001051111,1,
The Ex,0.001044444,1,
GAS,0.001044167,1,
Gia Margaret,0.001036944,1,
Saul Williams,0.001036944,1,
Red Ulalume,0.001031944,1,
Flying Saucer Attack,0.001026111,1,
George Sandler,0.001013333,1,
Mark Lanegan,0.001001389,1,
A Tribe Called Quest,0.000992778,3,
Elvis Costello,0.000989444,1,
Gunna,0.000988333,1,
FM Attack,0.000986667,1,
Black Thought,0.000986667,1,
Modern English,0.000980278,1,
Piero Umiliani,0.000977778,1,
Sons Of Kemet,0.000974722,1,
La Fete Triste,0.000973889,1,
Rubyhorse,0.000967222,1,
SAMURAI,0.000960833,1,
Alan Hull,0.000960833,1,
Anatoly Grigoryevich Novikov,0.000960833,1,
Led Er Est,0.000954444,1,
Uncle Acid & The Deadbeats,0.000936111,1,
The Psychedelic Furs,0.000935,1,
The Plot In You,0.000930556,1,
The Life And Times,0.000928611,1,
They/Live,0.000924444,1,
Kings of Leon,0.000919444,1,
Mochi Robinson,0.000905556,1,
Red Hot Chili Peppers,0.000903611,3,
Fukkk Offf,0.000902778,1,
Calm,0.000900556,1,
Illest.Chill,0.0009,1,
Adult Mom,0.000897222,1,
Ploho,0.000888889,1,
Incubus,0.000876667,1,
The Brotet,0.000872222,1,
Everything Is Recorded,0.000870556,1,
Mathew Lee Cothran,0.000861111,1,
Cheap Girls,0.000861111,1,
Japan,0.000857778,1,
Vanilla,0.000855556,1,
tobi lou,0.000855556,1,
The Amazons,0.000853056,1,
The Hecks,0.000847222,1,
Moovy B,0.000844444,1,
Julien Baker,0.000844444,1,
Suzpact,0.000838333,1,
Elvia,0.000831944,1,
Dag Unenge,0.000825556,1,
Yuno,0.000825556,1,
The Base Tv,0.000825556,1,
six impala,0.000820833,1,
Ethyl Meatplow,0.000816667,1,
Blue Smiley,0.000811667,1,
Moscoman,0.000804722,1,
Bad Liquor Pond,0.000799722,1,
MIDICRONICA,0.000794444,1,
DËKAY,0.000793889,1,
Curtis Williams,0.000793056,1,
Ikue Asazaki,0.000788889,1,
ONEFOUR,0.000788056,1,
Vashti Bunyan,0.000787778,1,
Quinteto Ternura,0.000786667,1,
Slayyyter,0.000786111,1,
Blake Shelton,0.000780278,1,
Vaervaf,0.000780278,1,
[bsd.u],0.000776111,1,
Kool Keith,0.000773889,1,
DJ Badu,0.000772222,1,
A Beacon School,0.000770278,1,
Sea Moss,0.000770278,1,
NudyVice,0.000764167,1,
Motörhead,0.000760833,1,
Totally Enormous Extinct Dinosaurs,0.000760278,1,
Kavinsky,0.000759444,1,
Joe Bataan,0.000755556,1,
The London Suede,0.000754444,1,
Do Make Say Think,0.000741667,1,
J Mascis,0.000741667,1,
Chain and The Gang,0.000741667,1,
Nick Monaco,0.000735278,1,
The Sugarcubes,0.000735278,1,
Squirrel Flower,0.000734722,1,
Bombay Bicycle Club,0.0007325,1,
Conor Oberst,0.000728889,1,
Oli XL,0.000725,1,
Orion Sun,0.000722222,1,
Active Child,0.000722222,1,
Hot Natured,0.000722222,1,
Traditional,0.000722222,1,
Cherrelle,0.000719444,1,
Still Waters,0.000716667,1,
Miles Davis,0.000714444,1,
Caribou,0.000709444,1,
All We Are,0.000705,1,
Jaden,0.000701389,1,
Frank Black,0.000696389,1,
Lil Freaky,0.000696389,1,
Flavien Berger,0.000693333,1,
Sleigh Bells,0.00069,1,
Black Rebel Motorcycle Club,0.000687222,1,
Mindchatter,0.000677222,1,
Big L,0.000677222,1,
G4 Boyz,0.000676944,1,
Destroy Boys,0.000671111,1,
DJ Assault,0.000669444,1,
Terrace Martin,0.000664722,1,
Love Battery,0.000664167,1,
Zone 2,0.000664167,1,
Broken Bells,0.000663611,1,
PawzLey,0.000651667,1,
Bud Powell,0.000651389,1,
Spaceface,0.000647222,1,
Impending Doom,0.000645833,1,
Kaitlyn Aurelia Smith,0.000644722,1,
DJ PICOLO,0.000644722,1,
Jerry Cantrell,0.000640833,1,
White Lies,0.000639722,1,
Original God,0.000638333,1,
Triathalon,0.000636111,1,
The Black Belles,0.000631944,1,
Wage War,0.000627778,1,
R0GE.,0.000622222,1,
Keijo,0.000622222,1,
No Buses,0.000616111,1,
Edvard Grieg,0.000606111,1,
SixteenInMono,0.000601667,1,
Havoxx,0.000600556,1,
Alien Ant Farm,0.0006,1,
Palace,0.000599722,1,
Joel Nielsen,0.000598333,1,
Corners,0.000598333,1,
Bebe Rexha,0.000593333,1,
Mavis Staples,0.000593333,1,
Morgan Delt,0.000592222,1,
Toxsikk,0.000586944,1,
Finger Eleven,0.000586944,1,
SL,0.000580556,1,
TisaKorean,0.000580278,1,
How To Destroy Angels,0.000572222,1,
B Boys,0.0005675,1,
The Dandy Warhols,0.000562778,1,
Baby Bash,0.000562778,1,
Tha Joker,0.000562778,1,
French 79,0.000562778,1,
Lil Mosey,0.000562778,1,
Meishi Smile,0.000554444,1,
SOB X RBE,0.000548056,1,
Easy Socks,0.000535278,1,
haruka nakamura,0.000533333,1,
Gabriel Garzón-Montano,0.000522222,1,
Doe Boy,0.000522222,1,
Jack Ladder,0.000522222,1,
Romare,0.000519444,1,
DJ Okawari,0.000516667,1,
Soul Jazz Collective,0.000516667,1,
Alex Isley,0.000515833,1,
The Cold Stares,0.000515833,1,
Bitonal,0.000509444,1,
Mini Dresses,0.000509444,1,
Good Charlotte,0.000509444,1,
Set Your Goals,0.000503056,1,
Slayer,0.000498333,1,
Birch,0.0004975,1,
Hermit and the Recluse,0.0004975,1,
ONI INC.,0.000496389,1,
The Sonics,0.000491667,1,
JAG,0.000491667,1,
Clockcleaner,0.00049,1,
The Vines,0.00049,1,
SEGA SOUND TEAM,0.000488889,1,
Stafford Brothers,0.00048,1,
Scott James,0.000477222,1,
KAYTRANADA,0.000477222,1,
Amanaz,0.000470833,1,
Fiona Apple,0.000470833,1,
Minus the Bear,0.000469444,1,
Creepoid,0.000468056,1,
Belmar,0.000464167,1,
The Blackwater Fever,0.000461111,1,
Alice Coltrane,0.000457778,1,
Agent Orange,0.000451389,1,
Asphalt Jungle,0.000445,1,
Bree Runway,0.000445,1,
suburban,0.000445,1,
The Deli,0.000444444,1,
Darkstar,0.000444444,1,
Big Wy,0.000438333,1,
John Martyn,0.000438333,1,
Smog,0.000438333,1,
YG,0.000438333,1,
Omar Apollo,0.000431944,1,
The Go! Team,0.000430556,1,
King Dude,0.000420556,1,
People Under The Stairs,0.000412778,1,
Slick Rick,0.000412778,1,
9infidell,0.000412778,1,
Yak,0.000411111,1,
DJ Seinfeld,0.000406111,1,
DYØN,0.000399722,1,
Statik Selektah,0.000396944,1,
The Magic Gang,0.000394444,1,
Edwin Starr,0.000393333,1,
Alexander Alexandrov,0.000393333,1,
Vivian Girls,0.000388889,1,
Hush Forte,0.000386944,1,
New York Dolls,0.000386944,1,
Fumez The Engineer,0.000386944,1,
Key Glock,0.000385,1,
Tei Shi,0.000380556,1,
Y1640,0.000380278,1,
Westside Gunn,0.000380278,1,
King Von,0.000380278,1,
joan,0.000373889,1,
Matt Maeson,0.000373889,1,
American Princes,0.000373056,1,
Mick Jenkins,0.000372222,1,
Rainbow Kitten Surprise,0.000369444,1,
Glen Hansard,0.0003675,1,
Gojira,0.000367222,1,
Freddie Joachim,0.000366667,1,
iLe,0.000361389,1,
Ancient Pools,0.000361389,1,
Pallas,0.000361111,1,
Simian Mobile Disco,0.000361111,1,
Fatboy Slim,0.000358333,1,
Damon Albarn,0.000354722,1,
Citi-B,0.000354722,1,
MoneyManMarcus,0.000349444,1,
Santigold,0.000348056,1,
Southpacific,0.000341667,1,
And So I Watch You from Afar,0.000338889,1,
Spatial Relations,0.000338889,1,
Johann Sebastian Bach,0.000337778,1,
Jimi Hendrix,0.000336111,6,
Dizzee Rascal,0.000335278,1,
Sxtturn,0.000335278,1,
Krampelli,0.000335278,1,
Eddie Kendricks,0.000335278,1,
Mustard,0.000325833,1,
K$upreme,0.000325833,1,
Kjartan Gaulfossen,0.000322222,1,
Marilyn Manson,0.000322222,1,
Flamin' Groovies,0.000322222,1,
Ski Blxst,0.000322222,1,
Uce Lee,0.000315833,1,
Amanda Shires,0.000315833,1,
Stargod,0.000308056,1,
The Poppy Family,0.000308056,1,
Czon,0.000308056,1,
Splashh,0.000303056,1,
CYNE,0.0003,1,
Yunggoth?,0.000296111,1,
Tony Malibuu,0.000290278,1,
Fujiya & Miyagi,0.000284167,1,
Marriages,0.000283611,1,
Sponge,0.000283611,1,
Lil Tracy,0.000277222,1,
Anthony Johnson,0.000275,1,
Death Cab for Cutie,0.000275,1,
Theophilus London,0.000272222,1,
DABRAXXX,0.000266667,1,
Shing02,0.000266667,1,
Quality Control,0.000266667,1,
BETWEEN FRIENDS,0.000248889,1,
ALLBLACK,0.000245,1,
AJJ,0.000245,1,
NEFFEX,0.000244444,1,
Frankyeffe,0.000231944,1,
Jukebox The Ghost,0.000227778,1,
The Red Army Choir,0.000219167,1,
J-ME,0.000207222,1,
V.Detta,0.000201389,1,
Quicksand,0.000199722,1,
Popp Hunna,0.000199722,1,
Durand Jones & The Indications,0.000193333,1,
Mark Kozelek,0.000189444,1,
Art Feynman,0.000186944,1,
Mike Jones,0.000186944,1,
YUNGBLUD,0.000186111,1,
Nina Simone,0.000183611,1,
Goldmund,0.000180556,1,
Margaret Glaspy,0.000177778,1,
The War On Drugs,0.000173889,1,
mewithoutYou,0.000171667,1,
150,0.000166667,1,
Karen Meat,0.000161111,1,
Metin Ben,0.000161111,1,
Bernie Worrell,0.000161111,1,
Upset,0.000154722,1,
Neil Taylor,0.000148056,1,
Sigur Rós,0.000135278,3,
Tory Lanez,0.000109444,1,
Christine and the Queens,0.000102778,1,
Mystery Jets,0.000102778,1,
Y2K,9.66667E-05,1,
Tycoon Showtime,8.88889E-05,1,
Maribou State,8.88889E-05,1,
Diana Gordon,8.36111E-05,1,
The Box Tops,8.36111E-05,1,
Aquilo,7.11111E-05,1,
Eric Clapton,5.77778E-05,5,
She Wants Revenge,5.13889E-05,1,
Dougie Poole,0.000045,1,
Polo G,3.86111E-05,1,
Bugeyes,1.27778E-05,1,
